x_l2,y_l2,x_l1,y_l1,2,3,4,5,6,7,8,9
-0.05343817515528423,-0.0345568190168631,-0.21218460432201208,-0.15300858687535085,0,1,2,2,1,5,2,6
0.11083482138276306,-0.02610081685578058,-0.10646097689912049,-0.3583632491940842,1,0,1,0,5,2,1,7
-0.0141901254287519,-0.0664515948842484,-0.01972763467999512,-0.20198041916848306,0,1,2,2,2,5,2,6
-0.0036654247065108525,-0.14142043022912118,0.08393850597633788,-0.3956262757545874,1,0,1,1,4,0,7,1
-0.03435723928025435,-0.10199883565773764,0.09777266579726966,-0.28826330486675367,0,1,0,2,2,6,3,5
0.13041701222558283,-0.06317245756000311,0.38470041571415725,0.021998519129672805,1,0,1,1,4,0,7,1
-0.04719481658424462,0.06211595670602812,0.18746241278353984,0.07614939355976598,0,1,0,2,2,6,5,8
-0.01703740869476137,0.009134364559653127,0.010751329367598629,0.023122765369833695,0,1,0,2,2,6,3,5
0.06920786951474396,0.07678434186333759,-0.053687140911873266,0.265504874522837,0,2,3,3,3,1,0,0
-0.0811180583169764,0.018200060956623923,-0.16144999257245563,-0.004060544364817164,0,1,2,4,0,3,6,3
0.002569071365817707,0.0898715188801544,0.015801360278048307,0.2613425425936344,0,2,3,3,3,4,5,8
0.027000884080133458,0.016649201007787783,-0.03466786036433497,0.07891426399615818,0,2,0,2,1,4,4,4
0.050708847851755126,0.03048860346087664,0.0848840221916843,0.1364461578022762,0,2,3,3,1,4,4,4
0.020303885955395323,0.04590735972867486,-0.0716276727323366,0.1293979534128491,0,2,3,3,1,4,4,4
-0.014476133228265775,-0.011760432193941293,0.03633857564100495,-0.02403485322120964,0,1,0,2,2,6,3,5
0.11514250487204637,-0.06551420131814534,0.32952051451221676,0.00026819974068782287,1,0,1,1,4,0,7,1
-0.11574181011042338,-0.050296798463700214,0.27069945104726245,-0.20914106319206477,0,1,2,4,0,3,6,3
0.0179566121723884,0.1061670781108409,0.05094243848302317,0.3169603819786109,0,2,3,3,3,4,5,8
-0.01180952836004835,-0.0067216348034529515,0.030339499164223044,-0.00839027840221831,0,1,0,2,2,6,3,5
-0.07007979283380389,0.1408353241514154,-0.2414516869668327,0.35626406616772766,0,2,3,4,3,1,0,0
0.03465909131123325,-0.08492146400928467,0.14169033465511977,-0.17878978958081648,1,0,1,1,4,0,7,1
-0.10135979174574554,0.005120262576210674,-0.21405114528838823,-0.1028697901768454,0,1,2,4,0,3,6,3
0.0046483775773242504,0.010146111429695067,-0.10033920419592204,-0.005930354678760782,0,1,0,2,1,4,4,4
-0.076760783248523,-0.11987137260361781,0.08252825801491165,0.41837641898211875,0,2,3,0,5,2,1,7
0.03366932051281565,-0.00478575932602437,-0.11017207073338618,-0.07832354386879785,0,1,0,2,1,4,4,4
-0.06109688287005117,0.04636884843376095,-0.25217209389873224,0.03171987171309422,0,1,2,2,1,5,2,6
0.07604087391771441,0.007202850479670568,0.22956625300048927,0.14584530519679675,0,2,3,3,3,1,5,2
0.017934281326190103,-0.05766395193070711,0.07625870002858819,-0.14320039096126225,1,0,1,1,4,6,3,5
0.0057298660772997,-0.014997331531204606,-0.02025866905517391,-0.05000585433824122,0,1,0,2,2,6,4,4
-0.010491983025385761,0.05489694948970435,0.04309641482238643,0.12769956603265512,0,1,0,2,1,4,5,8
-0.004522329973919791,0.09409211515219233,0.00409610254205754,0.26945783671288914,0,2,3,3,1,4,5,8
0.001147200223338451,-0.008076361316044531,0.05732163985020396,-0.002688129860019005,0,1,0,2,2,6,3,5
0.017280839512324835,0.07831053054231936,0.09432606395123039,0.21112632562483397,0,2,3,3,3,4,5,8
-0.022593490279737245,-0.04242280477425451,0.13482207043921696,0.01402505035960938,0,1,0,2,2,6,3,5
-0.022772086119418104,0.003135143265800506,0.010586903754770395,0.009207321360912624,0,1,0,2,2,6,3,5
-0.07245959396513416,-0.04003182418457819,-0.13199654445407027,-0.190888756629388,0,1,2,2,2,5,2,6
-0.07881971769445967,0.00849901208588848,-0.209956472435822,-0.05713715507286735,0,1,2,4,0,3,6,3
-0.03212881352083313,0.05098685237384325,0.006342372380207994,0.1438760621520818,0,1,0,2,1,4,5,8
0.05944262401410549,0.03380296267605612,-0.21992208217822695,0.08147332917050712,0,2,0,3,1,4,4,4
0.048107337727006746,0.03239615934773849,0.07242613262364687,0.13025697814413797,0,2,3,3,3,1,0,2
0.0027934059331496124,-0.04777208938210724,-0.09447458290437766,-0.14454509737396576,0,1,0,2,2,6,4,4
0.06789314339293755,0.02607090680752437,-0.21846277510774717,0.11492169845811541,0,2,3,3,3,1,0,0
-0.03787731399094695,0.09345193828447183,0.13590449914348107,0.21411274703760616,0,1,0,2,2,4,5,8
-0.005053566123380444,-0.027655219534872724,0.031048555605648006,-0.0879457253454143,0,1,0,2,2,6,3,5
0.019032738998945312,-0.08952939237331656,0.1258900647343197,-0.1804486359610615,1,0,1,1,4,0,7,1
0.0038831688498258063,0.04834407799816729,-0.05539999292042094,0.10390882345608939,0,2,0,3,1,4,4,4
0.0019436795645107583,-0.07366070550028493,-0.10032998528391311,-0.17375594013469062,0,1,2,4,0,3,6,3
-0.04376184551525136,-0.034477044955373626,0.05847209101506741,-0.10709232195428606,0,1,2,4,0,3,6,3
0.05033523413564294,-0.10567777575199344,0.2834409685522098,-0.1299422889926594,1,0,1,1,4,0,7,1
0.013857741619136188,0.02714418859607396,-0.08590187611732265,0.028331811444029756,0,1,0,2,1,4,4,4
0.005822745122796082,-0.013993659355422175,0.008677593298143887,-0.05685156465131291,0,1,0,2,2,6,3,5
-0.08805709167938588,-0.01641336682185699,-0.10793162894854327,-0.21608089744230777,0,1,2,4,0,3,6,3
-0.014273994542501764,0.07074570854452374,0.09871588031995064,0.13983089661046708,0,1,0,2,2,4,5,8
-0.05031582282362476,-0.015745851372047256,-0.1895998429806193,-0.1213116026513301,0,1,2,2,1,5,2,6
-0.0051418321137096604,-0.00035251991720316653,-0.05095563087855657,-0.014728484236266687,0,1,0,2,1,4,4,4
-0.11527213302490587,-0.05949465111358336,-0.288401024028597,-0.19812336728785046,0,1,2,4,0,3,6,3
0.061588999651241594,0.11662571550856028,-0.2571359367576925,0.243590789750162,0,2,3,3,3,1,0,0
-0.029442836184276757,-0.07518921915498246,0.21883351434921583,0.004270454387967653,0,1,0,2,2,6,3,5
-0.03690197275881865,-0.08004209836875704,-0.31130239216495353,-0.11284349278683602,0,1,0,2,1,4,4,4
0.05920790014388824,0.06953763910925709,-0.021510042893444967,0.20251097113372743,0,2,3,3,3,1,0,0
0.13185039178214875,0.00465164896799087,0.3342599129486445,0.16902517814905932,0,2,3,0,5,2,1,7
-0.1121493666985901,-0.01923325697373804,-0.17096052819378343,-0.24662617656674282,0,1,2,4,0,3,6,3
-0.033984668616637737,0.08195703756300182,-0.13613736153077657,0.21552456173735077,0,2,3,3,1,4,5,8
-0.035325364332917816,-0.052301514842176745,0.050793748879609094,-0.09972322328331688,0,1,0,2,2,6,3,5
0.12042347622498417,-0.06034201359883606,0.3330377513971783,-0.04031907201714842,1,0,1,1,4,0,7,1
-0.11743337777407212,0.0066524041537566634,-0.2985866375833223,-0.08392115307723187,0,1,2,4,0,5,2,6
-0.01865508525217226,-0.10082393157864983,-0.07372488454717017,-0.30768301796717207,1,0,2,4,0,3,6,3
-0.06721776910519688,0.025214762620675187,-0.20214776340886548,-0.017754852131998174,0,1,2,4,0,3,6,3
-0.030894845776144517,-0.016604786364732876,0.025848449513781933,-0.04341870472948732,0,1,0,2,2,6,3,5
0.03452784286915784,-0.02026849134599853,0.06896440063864948,-0.027377883851189864,0,1,0,2,2,6,4,4
0.013624695094162463,-0.025474523969127624,-0.16360028400185248,-0.1198437795259612,0,1,0,2,1,4,4,4
-0.09487170555739703,-0.01564471164800761,-0.1938538164503049,-0.1872619706385147,0,1,2,4,0,3,6,3
0.01917647797828416,-0.11445317825270622,0.11042327124464285,-0.27248384074659315,1,0,1,1,4,0,7,1
0.1320708531848351,-0.12566045278602342,0.42730891058875353,-0.27750921506176596,1,0,1,1,4,0,7,1
0.12368249498659323,0.0896249186622038,-0.1664552546817064,0.35227181926631973,0,2,3,0,5,2,1,7
-0.13267541821614065,0.05296872750027675,-0.39353087096728295,-0.002073252803251165,0,1,2,4,0,3,6,3
0.07254289674735581,0.07277678956858293,0.00851299572533008,0.25080563018204827,0,2,3,3,3,1,0,2
0.03810375041913191,-0.06324845874188541,-0.02473883235938632,-0.2656526752003788,1,0,1,1,4,0,7,1
-0.007471006250838775,0.03555433505877634,-0.017963515885105797,0.07301321676579879,0,1,0,2,1,4,5,8
0.203068531655939,-0.10630423798046063,0.6572817795305287,0.0038044871988807214,1,0,1,0,5,2,1,7
0.02646942963219251,-0.043380371691965756,-0.1010701930421655,-0.15778803802722682,0,1,2,4,1,3,4,4
0.10376583759531886,-0.09933631324563506,0.3654559771701933,-0.16091160993906456,1,0,1,1,4,0,7,1
-0.0038400400002525153,0.053101871818068413,-0.04227667478150359,0.10653029085238376,0,1,0,2,1,4,4,8
-0.021356679983290196,-0.07655466162981961,0.17984083731901962,-0.07309920393007244,0,1,0,2,2,6,3,5
0.03833069228976687,0.00391127797272539,0.02927587541271739,0.06514508762219795,0,2,0,2,1,4,4,4
-0.04119545689057614,0.05690851082429654,0.10381147453437599,0.12645080102690504,0,1,0,2,2,6,5,8
-0.043144775131083,0.07483282046901109,-0.09391788186575975,0.1988389976759167,0,1,2,4,1,4,5,8
-0.11496789764266882,-0.007674540657533555,-0.2625370181431766,-0.1692255608978416,0,1,2,4,0,3,6,3
-0.02407349287151637,0.040954716830241406,-0.16338092569363277,0.047441487882750606,0,1,0,2,1,4,4,4
-0.11443205435263723,0.06516663490863069,-0.3378888981308056,0.13779215023052016,0,1,2,4,0,3,6,3
0.013024421710817795,0.06680748081691638,-0.07561373575027416,0.17572408301621836,0,2,3,3,1,4,5,8
0.08984281958867807,0.03128434175292999,0.1917743141861507,0.1702564451743314,0,2,3,3,3,1,0,2
-0.005809410753905831,-0.029758847295889096,0.02510829724388068,-0.07352570538191412,0,1,0,2,2,6,3,5
-0.0022813627423899714,0.016008695530187505,-0.08311877875461902,0.004381433163551073,0,1,0,2,1,4,4,4
0.017085183647037,0.04043241507079602,-0.035767372684979815,0.10595337358768615,0,2,0,2,1,4,4,4
0.010450650728975242,0.06005896403958474,0.01759280179650711,0.17135663298610118,0,2,3,3,1,4,5,8
-0.01191748004497896,0.028474788359697654,-0.007631259555140502,0.05514317045023954,0,1,0,2,1,4,5,8
0.08761978412698178,0.04615044182136181,0.20976264017887394,0.1763581748922037,0,2,3,3,3,1,0,2
0.028746714646902278,-0.08629387704522842,0.059383893257451706,-0.23156154486330613,1,0,1,1,4,0,7,1
-0.01457035768568936,0.028877868947872653,-0.05452005347502631,0.04952738549213877,0,1,0,2,1,4,4,4
-0.03389530693947098,-0.010017523709646061,-0.14299617547378243,-0.09829828356652756,0,1,0,2,2,5,2,6
-0.06592879562955141,-0.049037481056638535,-0.2507518245856651,0.0015388799161924285,0,1,0,2,1,4,4,4
0.023464512026273577,0.0026921740561388014,-0.0923735038274619,0.004663086181931257,0,1,0,2,1,4,4,4
-0.06803310955238738,-0.10596001076675711,-0.0463074944049358,-0.28929616650565826,0,1,0,2,2,6,3,5
0.03309954292225896,-0.04540688310164323,0.07732235227200686,-0.08585260381841492,1,0,1,1,4,0,7,1
-0.008130446545024872,0.014551660191130945,0.00519319907855553,0.037122951859711394,0,1,0,2,1,4,4,4
0.08502691447836463,0.01789551152959876,-0.2334001408883434,0.1040893154240034,0,2,0,3,1,4,4,4
-0.05969445375418089,0.07098589103836878,-0.21075981141432185,0.14176968224594955,0,2,2,4,0,3,6,3
-0.07189286761965134,0.006451436393987636,-0.178022513017472,-0.08101425429029312,0,1,2,2,2,5,2,6
0.10205388144490081,0.02971584996121798,0.208518233864727,0.2282320347289248,0,2,3,3,3,1,0,2
-0.011476112014844364,0.03346045982709708,-0.07535606259020995,0.06001773909117259,0,1,0,2,1,4,4,4
-0.10512316340567746,0.02947785711956065,-0.271244550641678,-0.05271732038473824,0,1,2,4,0,3,6,3
-0.07241780234752898,0.07345156089378518,-0.2191461277828516,-0.17177019777179126,0,1,0,2,1,4,5,4
0.05728219615414491,-0.008875379800274072,0.14616204357476778,0.006685578953972579,0,2,3,3,3,1,0,2
-0.01045120059394085,-0.04096171155785963,-0.1283020668312749,-0.1556211236615528,0,1,0,2,2,6,3,4
-0.06777503882902261,8.825665057641974e-05,-0.09270942687979185,-0.09173721758846057,0,1,2,4,0,3,6,3
0.027724589535645577,-0.008350640324813008,0.13020229646391532,0.040488534518474555,0,1,0,2,2,6,5,8
-0.01882769610631052,-0.0038982221142289135,0.03592694634386773,-0.0006846008957137751,0,1,0,2,2,6,3,5
0.07630664309956695,0.08253330995318665,-0.16360839700144914,0.28888485110780737,0,2,3,3,3,1,0,0
-0.016999832287737545,-0.032572657853143755,0.10955770061324131,0.005770996457704815,0,1,0,2,2,6,3,5
-0.060117512256331385,-0.07423978430572477,-0.2896486709742455,-0.20878646182800162,0,1,2,2,1,5,2,6
-0.0004710504289063244,-0.016501650737648817,-0.02814412685442079,-0.06681042890814787,0,1,0,2,2,6,3,5
0.02699189528620785,0.12228198072010998,-0.13192377789954973,0.28309766847736717,0,2,3,3,3,1,0,0
-0.08331195166735124,0.03235781375129688,0.12666323739224228,0.0941521707488667,0,1,0,2,2,5,2,6
0.05232760702960291,0.10331002892844642,0.1441427259011295,0.26930866867522096,0,2,3,3,3,1,0,2
-0.0779065156121933,-0.028749382143276,-0.1507651195164712,-0.13883173213226507,0,1,2,2,2,5,2,6
0.0021145813345190647,0.036056993725090546,-0.06583188898416506,0.039139886823357894,0,1,0,2,1,4,4,4
0.08155051486974219,0.10917114843275423,-0.1327214954573384,0.36362879141699234,0,2,3,3,3,1,0,0
-0.08943734371386713,0.021248870696763705,-0.20606527554879894,-0.028745584491528794,0,1,2,4,0,3,6,3
0.08252269467645151,0.08521549701181053,0.019116762043240844,0.2675766406522214,0,2,3,3,3,1,0,0
0.04860040780102111,0.07764352727575717,-0.046424608499896866,0.2434449034096754,0,2,3,3,3,1,0,0
-0.06718855223304655,-0.02789835474530187,-0.15156269881897308,-0.15222475157604629,0,1,2,2,2,5,2,6
-0.11389308246271894,-0.014937120331245404,-0.18062238935435307,-0.22476759714314448,0,1,2,4,0,3,6,3
-0.05332376070454786,0.01595380067898976,-0.16230769132598033,-0.03471159737427663,0,1,2,2,1,5,2,6
0.03670675913516385,0.06626590643594518,-0.06543537506102201,0.18918224934122696,0,2,3,3,3,1,0,0
-0.03314228914006175,-0.047692316388286124,0.12526624945750503,-0.020501809826302023,0,1,0,2,2,6,3,5
0.02977663309394928,-0.07493225419551108,0.16616857392656417,-0.13235851417110392,1,0,1,1,4,0,7,1
-0.015480868914596223,0.05840239691815942,0.0793392064962226,0.11451152754301545,0,1,0,2,2,4,5,8
-0.04268925925073891,-0.08931329764376038,0.08799625161061418,-0.22319735875930188,0,1,0,2,2,6,3,5
-0.06786591378834657,0.0693607360065728,0.10251678225389635,0.2781273813036006,0,1,0,2,2,6,5,8
0.006087269234457999,0.06489367347236588,0.0981553300925185,0.1515500294096736,0,2,3,3,3,4,5,8
-0.04149894910143922,-0.047334028473799424,-0.03669920429705673,-0.17390482609294186,0,1,0,2,2,5,2,6
-0.05835745453171789,0.0979106381618459,-0.21333659964264495,0.24517613615225758,0,2,2,4,0,3,6,3
0.0766683451245782,-0.06349359269722903,0.19422489173429325,-0.1717000088512646,1,0,1,1,4,0,7,1
0.08041096363968113,-0.005347526869229413,0.2184996262546994,0.08006513723088012,1,2,3,3,3,1,0,2
0.017388810253236093,0.017396734582450127,0.024054643303080443,0.055660038265277885,0,1,0,2,1,4,4,4
-0.12394983134880742,-0.009635771041563622,-0.3374278414775704,-0.09181700400217724,0,1,2,4,0,3,6,3
0.17583218120838542,0.014441145785026971,0.406545672389588,0.19354786016945033,1,2,3,0,5,2,1,7
-0.049098440183813416,0.028682326986960386,0.12672607062237287,0.051482781684606425,0,1,0,2,2,6,5,5
0.038338810207039255,-0.05726416316396771,0.1778794711818176,-0.09514286245294402,1,0,1,1,4,0,3,5
0.039037722381081545,-0.09609548066975382,0.1738290148483101,-0.17371253277930807,1,0,1,1,4,0,7,1
-0.015340606528077684,0.01541356758635488,-0.10039217432990737,-0.009986602383844198,0,1,0,2,1,4,4,4
0.1202651890085791,-0.06525440727093361,0.26785775316379146,-0.3041421379748834,1,0,1,0,5,2,1,7
0.10922623444414203,0.030558770355924983,0.23332967719907755,0.20687130927339595,0,2,3,3,3,1,0,2
0.0101216543741562,0.015038874102595608,0.0077732951299650625,0.04673736315501881,0,1,0,2,1,4,4,4
0.13184103460584126,-0.06917758714655535,0.375328346469505,-0.12407725222234116,1,0,1,1,4,0,7,1
-0.06863925976615466,0.04914310242848422,-0.20823041599017456,0.05608301486713311,0,1,2,4,0,4,6,4
0.031888888739472536,0.06091331469157826,0.039656638220172645,0.19689963755339127,0,2,3,3,3,1,0,2
0.05713136375882518,0.10439648121544724,-0.18625867137079782,0.2550767536177003,0,2,3,3,3,1,0,0
0.010547238619026338,0.07460183788568317,-0.05415519960122568,0.20087023130290968,0,2,3,3,1,4,5,8
0.051935452366028825,-0.06855220210071258,0.17287655518505676,-0.09919061376847699,1,0,1,1,4,0,7,1
-0.003650866496123882,0.06775676427031962,-0.1093223903038033,0.12432152764792372,0,2,3,3,3,5,2,6
0.01830103661031585,-0.005981916563558225,-0.04377610215691474,-0.039315038253954486,0,1,0,2,1,6,4,4
0.04334760185581798,-0.03205183010665585,-0.023897519158947805,-0.1578541693607836,0,1,0,2,1,4,4,4
-0.029558890237791107,0.05821678536007986,-0.050887425028958086,0.14287373607011425,0,1,0,2,1,4,5,8
-0.05159445532873743,0.10348305930095102,-0.10921555252542588,0.2118641854055979,0,1,0,2,1,4,5,8
-0.006244931849007251,-0.09260529836754187,-0.13277493607345137,-0.29255687565758953,0,2,2,2,1,5,2,6
-0.008066837614572584,0.044010919142244656,-0.10598775545482489,0.0743702615908095,0,1,0,2,1,4,4,4
0.002034122315376737,-0.02274737228440298,-0.017037223805967165,-0.08668940279303321,0,1,0,2,2,6,3,5
-0.060349217598534635,-0.01911891201104019,-0.12658485405948305,-0.12818548908314756,0,1,2,2,2,5,2,6
-0.055283320003780494,-0.024411378492171072,-0.12602082621987723,-0.11835220523392216,0,1,2,2,2,5,2,6
0.1460459277807758,-0.0640461289196821,0.40338579364571564,-0.13235017606043234,1,0,1,0,5,2,1,7
-0.024683501720483413,0.006492924224297932,-0.08913209906363832,-0.02947557375322747,0,1,0,2,1,6,4,4
-0.02592946455140687,-0.030891220969724405,-0.01463928168961936,-0.10051453567700354,0,1,0,2,2,6,3,5
-0.07603903754339991,-0.039541217169262025,-0.059854330290445346,-0.20772847029342043,0,1,2,4,0,3,6,3
-0.006424568897815382,-0.039345510180532776,0.039864863348083195,-0.10355520653141823,0,1,0,2,2,6,3,5
-0.10419220118014448,0.08913881435417416,-0.2925689171166,0.20923407174279546,0,2,2,4,0,3,6,3
0.008201033267100661,0.0705345350763464,-0.11087587217714989,0.15039569223501945,0,2,3,3,1,4,4,0
-0.013565688653487128,-0.0110259136491982,0.025603881928962555,-0.016153354408281483,0,1,0,2,2,6,3,5
0.0031315583429485146,-0.018733214296748003,0.05252150439606052,-0.05348857390895286,0,1,0,2,2,6,3,5
-0.03201892972847454,0.008815803645274154,-0.05305681847234456,-0.019668701208068545,0,1,0,2,2,6,3,5
-0.04965452526044736,-0.007008234396978784,-0.07205773841524232,-0.08078680340836689,0,1,0,2,2,6,3,5
0.05043202301992992,0.1133290652537941,-0.03586195150937728,0.30957299766747415,0,2,3,3,3,1,0,0
-0.06204303037355731,-0.05861774519664867,-0.12172403325329903,-0.21320039085356177,0,1,2,2,2,5,2,6
0.012406842447530802,0.022749093013681835,-0.057034789647433776,0.026385545603281494,0,1,0,2,1,4,4,4
-0.05888549489645235,-0.024584183239933843,-0.17970430041646612,-0.11326335286993856,0,1,2,2,1,5,2,6
0.08596366793330344,0.050461201759296574,0.1462833845307594,0.2070294702439712,0,2,3,3,3,1,0,2
-0.02779228934108518,0.05848979468507392,0.05625539981088453,0.11727273362844896,0,1,0,2,1,4,5,8
-0.032537168073520556,-0.001073397567770156,-0.06333656267178131,-0.04968290534776336,0,1,0,2,2,6,3,5
0.06506035455006356,0.0880559906056436,0.14783509907179176,0.2467533246407424,0,2,3,3,3,1,0,2
-0.013350800445826984,0.11962357748329115,-0.19022190325452182,0.27937889163240454,0,2,3,3,3,1,0,0
-0.052998739010134695,-0.036508359536773276,-0.0023213080305523504,-0.11478288765416596,0,1,2,2,2,5,2,6
0.02371699889572324,0.07246230390228253,-0.04980315685711092,0.17453621687577148,0,2,3,3,1,4,4,0
0.06743127099730978,0.09177105777345905,0.15802849537601882,0.27070403093398493,0,2,3,3,3,1,0,2
-0.08626362466598407,0.03728711350865328,-0.24786001674571528,0.002723550888450964,0,1,2,4,0,5,2,6
-0.08752484909755437,-0.08642204768340186,0.03730099681040687,-0.3145123128883584,0,1,2,4,0,5,2,6
-0.031151897451583883,0.03775275212525787,-0.15557345386022475,0.04655617905411268,0,1,0,2,1,4,4,4
-0.015662818132310505,0.00011198474777295012,-0.036718987968639684,-0.018052921768331568,0,1,0,2,2,6,3,5
0.0030117989466938067,0.02959451300800344,-0.12263101154497133,0.04813092061068968,0,1,0,2,1,4,4,4
0.049202450001053555,-0.0050778283879280035,-0.24711219545391458,-0.03155668973923418,0,1,0,2,1,4,4,4
-0.06760822986888883,0.047837626529000164,-0.2173730209127232,0.04996171260028771,0,1,2,4,0,5,2,6
-0.049798229254962884,0.006884599103053264,-0.025814944962379384,-0.04152150688564453,0,1,2,4,0,3,6,3
0.005281889244972302,-0.1182995152332587,0.3276482383330311,-0.10789865616832917,1,0,1,1,4,0,7,1
0.04111992601190105,-0.0758930852444992,0.1640591894349824,-0.11868631107897826,1,0,1,1,4,0,7,1
-0.007672059763495745,0.04260851228858766,-0.07120070802824376,0.09596333583992718,0,1,0,2,1,4,5,8
0.04543256446473558,0.13166660778385936,0.2620444206991587,0.33861204524326727,0,2,3,3,3,1,5,8
0.11457450189612858,-0.09637153330974407,0.40730250324029454,-0.07790548287837283,1,0,1,1,4,0,7,1
0.005378849370092756,0.03798177447358915,-0.05900893241278676,0.07373113933180368,0,1,0,2,1,4,4,4
0.047226806933714796,-0.019658822604775267,0.14748742622063374,-0.02401814063777462,0,1,0,2,2,6,3,5
0.02100138106669305,-0.007084811020468375,0.10223321444278656,0.024228247843251206,0,1,0,2,2,6,3,5
-0.04004542385291652,0.046961512472428905,-0.2060513814848461,0.032719151737974315,0,1,0,2,1,4,4,4
0.010389301178397438,0.03564681788848451,-0.11838745174856995,0.07022565763743163,0,1,0,2,1,4,4,4
-0.04271623012255707,-0.003871929413145043,-0.11638821732152327,-0.07059904589981787,0,1,0,2,2,5,2,6
0.07158474860824131,0.06864050668519414,0.06350619953794617,0.23928065693599693,0,2,3,3,3,1,0,2
0.03010676723182822,-0.1323515981803224,0.20506318947809715,-0.2763532513106342,1,0,1,1,4,0,7,1
-0.008448215789997647,0.004714282580068718,-0.027456556642272895,-0.010111483740420745,0,1,0,2,2,6,4,4
0.02256652375594625,-0.07064138768638054,0.13393178314450072,-0.12797606541756576,1,0,1,1,4,0,7,1
0.04885798769490989,0.136533757181242,0.18809262477036306,0.3661535859951562,0,2,3,3,3,1,5,2
-0.028438829668832936,-0.06121122711950193,0.0716140108471981,-0.13353957964453583,0,1,0,2,2,6,3,5
-0.12574804155790623,-0.02767091463108405,-0.19699955245734654,-0.2774011730299731,0,1,2,4,0,3,6,3
-0.043302962748748584,-0.026727810884923722,-0.051673920751512475,-0.10532914537216514,0,1,0,2,2,5,2,6
0.10884173233596084,-0.0132436488371628,0.2623287517267867,0.08168383499635315,1,0,1,1,4,0,7,1
0.019087953084207642,-0.03216674772879025,0.02710967702490507,-0.11595689880422001,0,1,0,2,2,6,4,4
-0.057013765748891373,-0.10785830733347541,-0.01710752772873564,-0.32123974256328497,1,0,2,4,0,3,6,3
0.039033062607994704,0.10350561070539172,0.17785532412476068,0.2640544795608745,0,2,3,3,3,1,5,2
0.10928740041767125,0.027742003165889415,0.1714786883234402,0.21429198181312126,0,2,3,3,3,1,0,2
0.05061311721385449,0.018165968428093236,-0.2556738888530504,0.07137020465897027,0,1,0,2,1,4,4,4
0.034611523555613095,0.03473422713804625,0.006409153145791774,0.130080278689975,0,2,3,3,3,1,0,2
0.004138612982117137,0.09370972975417556,0.07668354289334131,0.237119651401069,0,2,3,3,3,4,5,8
0.08127550961055882,-0.14203815076178944,0.4203245336571415,-0.10453414283825431,1,0,1,1,4,0,7,1
-0.06804657469388699,-0.028618294261027296,-0.22503160679409204,-0.13615639639614302,0,1,2,4,1,5,2,6
0.03757894566990559,-0.04389008502139134,0.1961585470345708,-0.03817282277646573,0,1,0,2,2,6,3,5
0.09756505529566396,-0.08230904076506068,0.31023121988089025,-0.08621851819821601,1,0,1,1,4,0,7,1
-0.020379920350015988,0.08344177958433233,-0.10618885066072191,0.21710585142869016,0,2,3,3,1,4,5,8
-0.05766779031020355,0.05354112855738344,0.14167373574925343,0.0932423547036025,0,1,0,2,2,6,5,8
-0.021848868759985915,-0.011237060491533165,-0.04448734271327172,-0.058073799941546524,0,1,0,2,2,6,3,5
0.01933346037700562,-0.07563044358643128,0.13606697093392683,-0.16540362544116582,1,0,2,4,0,3,6,3
0.05512087887667024,0.045990772473718376,-0.16031785166784612,0.14221093642482324,0,2,3,3,3,1,0,0
-0.08474172278343622,0.001069813380766434,-0.2241500941712474,-0.11345009345516542,0,1,2,4,0,3,6,3
0.04923049750452604,-0.07669806202043786,0.19506779453826292,-0.1377063346243692,1,0,1,1,4,0,7,1
0.021594310665428416,-0.04336312347023458,0.027051816793675083,-0.1459380046639976,0,1,0,2,2,6,3,5
-0.0795905156371521,-0.06112226515776655,0.06041268431655785,-0.25810248463248797,0,1,2,4,0,3,6,3
-0.00568059789299356,0.027865618632629468,-0.03232947019732681,0.06381739538856376,0,1,0,2,1,4,5,8
-0.05630972463169654,0.03984263176911008,-0.21031008788126035,0.0390841323038997,0,1,2,2,1,5,2,6
0.020311814367339556,-0.054661450645705864,0.04377131612258785,-0.14622653149605552,1,0,1,1,4,0,7,1
0.12306182857397388,-0.04072683749371204,0.36315351550813296,0.06649585588113856,1,0,1,1,4,0,7,1
-0.028969452449619584,0.05637310062082825,-0.015886069296277,0.14634207085415973,0,1,0,2,1,4,5,8
0.10456796111100995,-0.07840450465909445,0.39897036931929547,0.0017900984512621751,1,0,1,1,4,0,7,1
-0.0388745872908083,0.05446642660245441,-0.03889133498170746,0.1253214689874354,0,1,0,2,1,4,5,8
-0.08086372409869923,0.06970465815680525,-0.23146320402510592,0.14383419464465566,0,1,2,4,0,3,6,3
-0.031652536687653894,-0.06585835504106216,0.15526696173486382,-0.05019256102213523,0,1,0,2,2,6,3,5
-0.011548613419675915,0.05045220486329261,-0.00496077374082234,0.11107413974043467,0,1,0,2,1,4,5,8
0.03647530548111243,-0.13073333416061525,0.1936076054709408,-0.2560496791228791,1,0,1,1,4,0,7,1
0.0708360670753951,0.0986515977405906,0.1660629453944996,0.2793317047855759,0,2,3,3,3,1,0,2
0.12804307908353646,-0.016776904087953595,0.20828482974626006,-0.345809504769307,1,2,3,0,5,2,1,7
-0.011537378894551961,0.03789070297102253,-0.11348727725874615,0.05146785351537117,0,1,0,2,1,4,4,4
-0.047385561336320374,-0.058465537350341254,0.19474111845451342,0.01625697005246326,0,1,0,2,2,6,3,5
0.06384649653284526,0.015019388429464004,0.1520551783733068,0.12290049191490877,0,2,3,3,3,1,0,2
0.024009953398299495,0.0550491942207379,-0.16170530268586264,0.1192481547510919,0,2,2,4,1,4,4,0
0.02518150785172422,-0.021231292578535354,0.14027007656935794,0.013229846753046687,0,1,0,2,2,6,3,5
0.0959135241370233,-0.15603303142121755,0.40697527178453463,-0.2566782449958467,1,0,1,0,5,2,1,7
0.04587509506881952,0.06152646187542956,-0.24745900354393083,0.1401517506241036,0,2,3,3,3,1,0,0
-0.0598139203202836,0.04087622567940118,-0.12590678833775992,0.11461074901739306,0,1,2,2,1,4,5,8
0.07330109031678254,0.06784389565974128,0.08968631362846634,0.24080375623147765,0,2,3,3,3,1,0,2
-0.04169399810330768,0.016306266115026252,-0.12173688210761832,-0.024974558358660803,0,1,2,2,1,5,2,6
-0.043318196569121475,-0.05915729659247457,-0.018581127105998747,-0.18626521085788358,0,1,0,2,2,6,3,5
0.0165002550163518,0.0834476374977864,0.11113979982780993,0.21532763840396696,0,2,3,3,3,1,5,8
0.1320101039260821,-0.11060534823159211,0.4724336468394442,0.008410553020559427,1,0,1,1,4,0,7,1
-0.04895364004339297,-0.017261159211053617,0.10749924052053676,-0.015534453703510295,0,1,0,2,2,6,3,5
-0.05381657818588585,0.0033954957048846265,-0.15664303034570928,-0.07118628861070303,0,1,0,2,1,5,2,6
-0.09737659476756591,-0.014239264194441086,-0.09028366129903176,-0.22056811588194844,0,1,2,4,0,3,6,3
-0.054116750986307104,0.04451727409973396,0.14926787774798314,0.09086489837726199,0,1,0,2,2,6,5,8
0.11075058981964482,-0.041811839585467074,0.2537214493668982,-0.14967466333684934,1,0,1,1,4,0,7,1
0.03715768849770076,0.052943861376340155,-0.06341633893235717,0.12917221949564156,0,2,3,3,1,4,4,0
-0.021454959540998884,0.08188475294713013,-0.1805283434979983,0.1637243128464227,0,2,3,3,1,4,5,8
-0.12737317952049754,-0.04421997969502694,-0.1664599808725586,-0.31579746480890397,0,1,2,4,0,3,6,3
0.028978146196719415,0.05593059497547087,-0.003836413522692954,0.1856850019509536,0,2,3,3,3,1,0,0
0.07399416131972517,0.05317641170699885,0.05112615012006658,0.20729874434653756,0,2,3,3,3,1,0,0
0.0981402409876464,-0.05261465565252413,0.3322080110725998,-0.00492033221707175,1,0,1,1,4,0,7,1
0.025995602468125333,-0.07119104147065976,0.09498520586015483,-0.17523400297693165,1,0,1,1,4,0,7,1
-0.0076090167448848054,0.0809098103513844,0.09892446617617158,0.24944027491440357,0,2,3,3,3,1,5,2
0.00480926552633816,0.044039899638062006,-0.17733422065898002,0.08661863160467555,0,1,0,2,1,4,4,4
-0.04893433898380902,-0.009125034128056013,0.015559459860016596,-0.05486885072446707,0,1,0,2,2,6,3,5
-0.009167583125255967,0.0028948708717247305,0.0597253762065993,0.022150910700804556,0,1,0,2,2,6,3,5
0.03878631498390229,-0.11463422928269842,0.18855614586513525,-0.216367173967854,1,0,1,1,4,0,7,1
-0.06782548399624655,-0.04449769552257065,-0.0821156316940518,-0.17094074087269437,0,1,2,2,2,5,2,6
0.01562528297390339,0.01854765014959102,0.0008577791455982703,0.0443892987104972,0,1,0,2,1,4,4,4
0.02577481005938642,-0.04216894793436866,0.07193889720722965,-0.09338112730942807,1,1,0,2,2,6,3,5
-0.047157535949854446,-0.07295502637763021,-0.011916973640971485,-0.22428335664231558,0,1,0,2,2,6,3,5
-0.005711249468666376,-0.17948696442948456,0.20475523447882749,-0.49394531195767777,1,0,1,0,5,2,1,7
0.026193042327305176,0.037144641225964566,-0.13148925340785836,0.07819116801025103,0,2,0,3,1,4,4,4
-0.04072431782409723,-0.14289488854609175,0.18107773318782266,-0.3510153663484502,0,1,0,0,5,2,1,7
-0.04891911589077486,0.051869715480655595,0.12483320973741381,0.06641591634081195,0,1,0,2,2,6,5,8
-0.0025802020736832216,-0.06913062794007485,0.00675148574772136,-0.2358049960749924,0,1,0,2,2,6,3,5
0.10110881818999251,-0.08703675936154605,0.3404499522283927,-0.03063248755119256,1,0,1,1,4,0,7,1
0.1906156983680445,0.04928114928122942,0.4832615906489998,0.3484161100354779,1,2,3,0,5,2,1,7
0.03128330162071327,0.023471282309561102,-0.00029413185681735816,0.09675644499994371,0,2,3,3,1,4,4,4
-0.11354942200111233,0.020685839242693772,-0.2585781481029367,-0.09515914229078937,0,1,2,4,0,3,6,3
0.01294448081533451,0.03015619305523162,-0.0901861731368101,0.05854806790313807,0,1,0,2,1,4,4,4
-0.0046982797342696985,-0.0408656660354315,0.05714611558283307,-0.11195656879107078,0,1,0,2,2,6,3,5
-0.06112315367166465,-0.03942933097177686,-0.06872355118130678,-0.1815693665488234,0,1,2,2,2,5,2,6
0.1391654353441851,-0.010459821609085995,0.3966213040834736,0.16069610946467008,1,2,3,0,5,2,1,7
0.0492250912691725,-0.06194851590990193,0.05012634296907056,-0.3024777803504936,1,0,1,1,4,0,7,1
-0.008461767668110734,0.01096610450336403,-0.0360154396409933,0.0058208479051686,0,1,0,2,1,4,4,4
0.005878883468524827,0.005433127237204351,-0.09174858457377677,-0.01496275903300739,0,1,0,2,1,4,4,4
-0.02641555160485095,0.03673626939664586,-0.12797177553858555,0.0452077639496,0,1,0,2,1,4,4,4
0.1184367037994544,-0.009450583179450604,0.2785046447306636,0.09024602174019308,1,0,1,1,4,0,7,0
-0.10883299739247108,-0.021082919940958674,-0.3334086574096913,-0.11752080868958562,0,1,2,4,1,5,2,6
-0.03787069241646107,-0.056684373015440326,0.14823654615314277,-0.017857937015719062,0,1,0,2,2,6,3,5
-0.018250891329456828,-0.0008703675580207842,-0.002685681432359076,-0.008837211605009752,0,1,0,2,2,6,3,5
-0.1039234891304923,0.010424427216099834,-0.2299072538876818,-0.07130718519531114,0,1,2,4,0,3,6,3
0.049455444697683204,0.011711267408262175,-0.2721255360352823,0.025292846385793006,0,1,0,2,1,4,4,4
0.0082572742916882,-0.028639497147452297,0.014939348255381487,-0.07244387594696307,0,1,0,2,2,6,3,5
0.04479485882408406,0.07792017305906866,-0.05941604857245994,0.2659684165380207,0,2,3,3,3,1,0,0
-0.09263833597197756,-0.022590356941972697,-0.20615447148941782,-0.11800634315132201,0,1,2,4,0,5,2,6
-0.02987469891518909,-0.020774507110449186,0.026207066605749313,-0.0552482368728932,0,1,0,2,2,6,3,5
-0.08850198385655612,0.0017976587293237493,-0.07335763195602735,-0.21028957955811017,0,1,2,4,0,3,6,3
0.0011000316165408939,0.059169650578448384,-0.09703135749592677,0.14225410553205217,0,2,3,3,1,4,5,8
-0.06933581891314462,-0.0001122484654527964,-0.20641839749861202,-0.1346931041688398,0,1,2,2,1,5,2,6
0.010134053930632748,0.05917146368667155,-0.003935208330471436,0.16770384814895342,0,2,3,3,1,4,5,8
-0.037977082271913584,0.06854875685067649,-0.0980128817107446,0.16601684016215024,0,1,2,2,1,4,5,8
-0.02614212676133359,0.005921659576036126,-0.006493057245822309,0.006563120204353558,0,1,0,2,2,6,3,5
-0.018241896909860805,0.016325148489864764,-0.07463275856308542,0.010014848057569322,0,1,0,2,1,4,4,4
-0.04580681450240761,-0.06541835245522208,0.21079361488170303,-0.0022566247928806384,0,1,0,2,2,6,3,5
-0.020582628475560843,0.07069227652768716,-0.019014954396335413,0.15785509634309286,0,1,0,2,1,4,5,8
-0.04351707570322656,-0.0012264109008401675,-0.0959119269634301,-0.06133752713879934,0,1,2,4,0,3,6,3
0.08097967211909105,-0.1283447204150052,0.34488723480415223,-0.19561949262287415,1,0,1,1,4,0,7,1
0.09541954260327537,0.033444165532478067,-0.011478012421935075,0.2442208697575388,0,2,3,3,3,1,0,0
-0.0061129885034366055,-0.011370389063341252,0.017223816309570258,-0.02522774227572887,0,1,0,2,2,6,3,5
-0.09085358515693084,-0.08189675580371282,-0.10174316081717696,0.365674094545429,0,2,3,0,5,2,1,7
0.10760780054681479,0.04203602818890453,0.25729120084207485,0.22190202391881209,0,2,3,3,3,1,0,2
0.09995165669304934,-0.07247367687000938,0.36439192339873244,0.019408572503507953,1,0,1,1,4,0,7,1
-0.030565390690477607,-0.04098194798594482,-0.011325812680125124,-0.12217513177490652,0,1,0,2,2,6,3,5
0.03840045322580116,0.07511085385546593,-0.003627153774664102,0.20774169794215797,0,2,3,3,3,1,0,0
-0.06329609124041272,0.11282215540111742,-0.20862327947224898,0.2749527485311403,0,2,2,4,0,3,6,0
-0.04398072216253758,0.0073046363175804565,-0.13872121063452406,-0.053126421107656384,0,1,0,2,2,5,2,6
-0.010679644534213193,-0.02318975926812574,-0.08329509180032703,-0.10143845517360955,0,1,0,2,2,6,3,4
-0.11332774016913685,0.007779773830778231,-0.24638046215004927,-0.11746902025347448,0,1,2,4,0,3,6,3
-0.11298236432466982,0.056254520614217554,-0.3205633594465859,0.09454545459614463,0,1,2,4,0,3,6,3
0.06500725492404226,0.05130647731680365,-0.24182480759996822,0.17484429297223464,0,2,3,3,1,4,4,0
-0.019959562540364524,-0.13145517282377317,0.10975244718507204,-0.3471019189458957,1,0,1,1,4,0,7,1
0.0017277970402131248,-0.04174875299792723,0.08307857899720307,-0.11160619540758522,0,1,0,2,2,6,3,5
-0.13043277544121143,-0.050267004505505475,-0.19386883671344068,-0.3378538942190111,0,1,2,4,0,3,6,3
-0.0019431096526240834,-0.02403611976398667,0.051988548364026874,-0.03923368674438809,0,1,0,2,2,6,3,5
0.03559896893172681,-0.1409469344481388,0.23952491092049585,-0.3483663813609391,1,0,1,1,4,0,7,1
0.011660951062457334,-0.004142242170358296,-0.015461519770271867,-0.02681030775508535,0,1,0,2,1,6,4,4
-0.009066022723202463,-0.08125696486695459,0.06243931283127978,-0.2139917086356499,0,1,0,2,2,6,3,5
0.007759616202339348,-0.012519392666172932,-0.026676425803705783,-0.05734839234500108,0,1,0,2,2,6,3,5
0.01470993728805605,0.06968842728584962,0.10400671388655555,0.16877390310342938,0,2,3,3,3,4,5,8
-0.048448630140532335,0.05964359651041551,-0.21369004533916525,0.06377772311883294,0,1,0,2,1,4,5,8
0.09945657623249665,0.0021780639313280377,0.24710331476032085,0.10389711567157821,1,2,3,3,3,1,0,2
-0.06554774464124,0.03909959153818461,-0.18052130969186056,0.036262476281562483,0,1,2,4,1,5,2,6
-0.01855416829639524,0.013533639951454398,0.032066137213318496,0.04057479533287847,0,1,0,2,2,6,5,8
0.016065141159185656,0.10026371033433246,0.0035024592372613693,0.2843251371960258,0,2,3,3,3,4,5,8
0.01575873991516889,-0.14218231534144588,0.04663892771834485,-0.4188039940636853,1,0,1,0,5,2,1,7
0.013452197325824287,0.04115436054670401,0.12016650684326348,0.11322756065934036,0,1,0,2,2,6,5,8
0.04524281066766986,0.06605057373167626,0.007472943810226647,0.21139858481259075,0,2,3,3,3,1,0,0
-0.0033664105349756157,0.10818412470044,0.17347616215125258,0.2635033104598296,0,2,3,3,3,1,5,8
-0.05459544262947151,-0.037745022399336324,-0.20855666757126018,-0.09854983907315051,0,1,2,2,1,5,2,6
-0.04909121967733912,-0.03225854067787072,0.1863832352797196,0.02858942992083922,0,1,0,2,2,6,3,5
-0.05617094189937258,0.032834953392415045,-0.17944918397683496,0.004587091443260926,0,1,0,2,1,5,2,6
0.033223200318114085,0.13895987808428903,0.1336017043235861,0.3677953258509713,0,2,3,3,3,1,0,2
0.01559818747209086,-0.05610205678339184,0.07871891182701263,-0.13033209795732514,1,0,1,1,4,0,3,1
-0.08150048252137813,0.00901458851908254,-0.24363510553153364,-0.061528614116875234,0,1,2,4,0,5,2,6
0.09583146374482455,0.0964281671453178,0.1573884166380888,0.3470461367016057,0,2,3,3,3,1,0,2
-0.07927776905907305,-0.01600556916825209,0.10703260758282133,-0.10268429842268034,0,1,2,4,0,3,6,3
0.021066046368838503,-0.013452490729433893,0.07341480597257526,-0.0019291027859217047,0,1,0,2,2,6,3,5
0.009500037158640713,-0.06695234672308448,0.042729051418694555,-0.19974113291304016,1,1,0,2,2,6,3,5
0.07846415406025449,-0.08112611284136079,0.23623504710461224,-0.10745869160980218,1,0,1,1,4,0,7,1
-0.0342285545240456,-0.018419574207038235,-0.04359005617527767,-0.0823374858129406,0,1,0,2,2,6,3,5
-0.0591018369928619,0.07831671479534527,-0.21841819441055157,0.13269375933559052,0,1,2,2,1,5,2,6
0.06623659698489112,-0.1364619631463823,0.32026055481449944,-0.1868715410492284,1,0,1,1,4,0,7,1
0.015598925881306286,0.015078690239210994,-0.061158465896176455,0.015548786580159466,0,1,0,2,1,4,4,4
-0.03136590940379274,-0.08535178501340357,0.2248781822484699,-0.03943537512016751,0,1,0,2,2,6,3,5
-0.01164968752708425,0.008106664830119386,-0.007898041721126946,0.013826723170127436,0,1,0,2,2,6,3,5
-0.10037425893014429,-0.03142532681752771,-0.14462423084831336,-0.1825696934480632,0,1,2,4,0,5,2,6
-0.03817486022111585,0.043920980600737805,-0.08800510835558015,0.10168915641946716,0,1,2,4,1,4,4,4
0.11224324535723833,0.04315157447112056,0.02140952327156659,0.30244666016759786,0,2,3,0,5,2,1,7
0.07601878589525292,0.019030795472383025,0.0260056516616872,0.16905168246445815,0,2,3,3,3,1,0,0
0.011150592012646012,-0.017248206487852445,0.0872251674913926,-0.01679212606570401,0,1,0,2,2,6,3,5
-0.0017189699125850903,0.08156507495144952,-0.18307762574193298,0.1522710036485508,0,2,3,3,3,1,0,0
-0.03573476153789695,-0.0544683331136472,-0.011280739108750009,-0.17379938637539405,0,1,0,2,2,6,3,5
0.01790754081653115,-0.025331858574619205,-0.05532726086807288,-0.12832347218610482,0,1,0,2,2,6,3,5
0.051134576342107683,0.04393750938923882,0.0864683117702655,0.15794632358202498,0,2,3,3,3,1,0,2
-0.023443836246847302,-0.03651967100671137,0.05743112048868744,-0.0836342461750518,0,1,0,2,2,6,3,5
0.014170194672307464,0.14704360776839742,-0.005260074883793482,0.42945259152529425,0,2,3,0,5,2,1,7
-0.13215527656403597,0.011584378186926576,-0.31272922471858167,-0.06546589913445458,0,1,2,4,0,3,6,3
0.07766569847760625,0.0629277124402237,-0.16335906120204036,0.22088100740653185,0,2,3,3,3,1,0,0
0.02374075223425568,0.04203240652202593,-0.08130292103062559,0.11391029955409442,0,2,3,3,1,4,4,4
0.0017219217936678248,0.05130470776966143,-0.16409693792723132,0.07747437646848469,0,1,0,2,1,4,4,4
-0.04286889763643971,-0.008354011344836643,-0.11581170986129231,-0.08223615336228869,0,1,2,2,2,5,2,6
0.001696968326517885,0.0064826712200426835,-0.006589541989195576,0.02315584909861607,0,1,0,2,2,6,3,5
0.04291267215903925,-0.027817685942762276,0.0807830508382688,-0.07643841847990143,1,0,1,1,4,0,7,1
-0.06956188106073341,-0.04598393223316118,-0.17304677495509452,-0.18413874334287944,0,1,2,2,2,5,2,6
-0.036376645600640314,-0.035282164452595896,0.01561575417722727,-0.11677560300546695,0,1,0,2,2,5,2,6
0.1083981217302011,-0.1138784508742866,0.4335538436242384,-0.03410048623748699,1,0,1,1,4,0,7,1
0.06397361558462156,-0.03841148137519697,0.25875639996857586,0.016517935113654316,1,0,2,4,0,3,6,3
0.04543809742948928,-0.07333946355948988,0.16645295220712683,-0.1372822358493976,1,0,1,1,4,0,7,1
-0.05700103927118611,0.09960067616307341,-0.2899010227857663,0.0974487599385403,0,1,0,2,1,4,5,4
0.08701049390502207,0.03703935012681832,0.18878262042354457,0.1860360381651943,0,2,3,3,3,1,0,2
0.03137669801846181,0.006882108034503198,-0.172461535914128,-0.05917871156751062,0,1,0,2,1,4,4,4
-0.010423340973894114,0.029782252155106336,-0.05912646690645278,0.049229416437574246,0,1,0,2,1,4,4,4
-0.13672040894898424,0.02050220159135664,-0.3214836678090577,-0.06086563462221915,0,1,2,4,0,3,6,3
-0.008578544931156756,-0.010491045678001272,-0.019589620364136688,-0.035951356805106034,0,1,0,2,2,6,3,5
-0.0766700602444449,-0.06837260998755036,-0.010760544304260058,-0.2889895957903279,0,1,2,4,0,3,6,3
-0.01684642840552959,-0.048463730715730534,0.13713608708001712,-0.008660256168545218,0,1,0,2,2,6,3,5
-0.03788788425392898,-0.02551011904751379,-0.028502017466088155,-0.11138920551888881,0,1,2,2,2,6,3,5
-0.07570685287981926,0.032915156202639385,0.1840541098696938,0.13548683031730546,0,1,2,2,2,6,5,8
-0.0751838549492921,0.058435747496231115,0.2012697203651013,0.10864502714835449,0,1,0,2,2,6,5,8
-0.006557841365320203,-0.057705771313631006,0.1306936233943819,-0.057452684220182154,0,1,0,2,2,6,3,5
-0.013007320534535557,-0.03511267114739607,0.06106303789272263,-0.051448974333821694,0,1,0,2,2,6,3,5
-0.09156789251165688,0.059433120969165816,-0.30683759415888173,0.008092044194700656,0,1,2,4,1,4,6,3
-0.013922798885494605,0.020491393720572345,-0.06343511380102056,0.026570984953141873,0,1,0,2,1,4,4,4
0.06121748533858278,0.007682811423312364,0.0627484954983487,0.19656518414856972,0,1,0,2,1,4,5,4
0.07991096034902795,0.015794950954305585,0.1909532755410901,0.13227846961375433,0,2,3,3,3,1,0,2
-0.04928419655563075,-0.019292207508895966,-0.08833787518894837,-0.10038672432737998,0,1,0,2,2,5,2,6
-0.010766587867195958,0.045788808954412584,-0.07662020887557008,0.09129085403133658,0,1,0,2,1,4,5,8
-0.014257506516435162,0.0677554185973183,0.10357109188970128,0.13781749922100547,0,1,0,2,2,4,5,8
-0.06321153930855779,-0.03096772865237999,-0.1491119836387929,-0.16286910417830847,0,1,2,2,2,5,2,6
-0.06610889471256218,-0.09281785326123931,-0.2894586410434197,-0.3003199637888976,0,1,2,2,2,5,2,6
0.023821010615448446,-0.1282792996707322,0.15416772310040444,-0.3188112991573994,1,0,1,0,5,2,1,7
-0.001490354968327264,0.10292238470300079,-0.09633401252680358,0.26405792716065524,0,2,3,3,1,4,5,8
0.002692988239935881,0.021859920722779383,-0.10888296647577407,0.023166432795699077,0,1,0,2,1,4,4,4
-0.012740457518555582,0.0485453004538272,-0.014643461061118513,0.09355449952760947,0,1,0,2,1,4,5,8
-0.013594377583495732,0.01178743647943422,0.022702682637869145,0.03116965155841756,0,1,0,2,2,6,3,5
-0.02557294198289004,-0.07055960390668037,-0.12126308015127547,-0.22245906655055978,0,1,2,4,0,3,4,4
0.04452764457792386,0.07368441590858475,-0.17490012836638158,0.18153696268431896,0,2,3,3,3,1,0,0
-0.05350395904223168,0.019591021300421337,-0.1425596983006873,-0.01447931295027501,0,1,2,2,1,4,6,4
-0.05549806964501375,0.01859242218692862,-0.1723192007581809,-0.03514063126063016,0,1,2,2,2,5,2,6
0.13952968270977323,-0.021530182899666128,0.3082059679709225,0.14403300528995402,1,0,1,1,4,0,7,1
0.02521523758837975,0.028718211593397255,0.0313956501649837,0.0991297007051433,0,2,3,3,3,1,4,2
-0.017873355227897125,-0.05992666587108966,0.10498185041589976,-0.10897586920477627,0,1,0,2,2,6,3,5
-0.02763782461931778,0.015136495149867393,0.07877637432196136,0.04981218796940733,0,1,0,2,2,6,3,5
-0.06043284187875647,-0.012855442709759968,-0.12545406746316368,-0.0954417118751241,0,1,2,2,2,5,2,6
0.1504613890178212,0.04544831224950371,0.2985643770751511,0.26300364105744295,0,2,3,0,5,2,1,7
-0.025032486207679772,0.04838782706231257,-0.20658255780170307,0.029158158311250775,0,1,0,2,1,4,4,4
-0.05492875028834519,0.001415643483597732,-0.05711086905916352,-0.037889807840168606,0,1,2,2,0,3,6,3
0.04220424432694305,0.031920715189634165,-0.02932018435085914,0.1256753738060166,0,2,3,3,3,1,0,0
-0.0023878351961933966,0.0010366342180791464,0.004276608870371159,0.006450812899066647,0,1,0,2,2,6,4,4
-0.032698800007748705,0.06328985541115498,0.16997204468580393,0.032842634326211685,0,1,0,2,2,6,5,8
0.13993346288716385,-0.09900661432723445,0.5026250838589421,-0.008377569316928362,1,0,1,1,4,0,7,1
0.08756897781263857,0.05460272065149637,0.1804418905975722,0.21124434764777195,0,2,3,3,3,1,0,2
-0.04633191697741033,0.014972668125030937,-0.12738071229204398,-0.01525853726155568,0,1,0,2,1,6,4,4
-0.07180892198841073,0.061908352624245974,-0.1281915981651214,0.15906194167895582,0,1,0,2,1,4,5,8
-0.021488902825414283,-0.053004294684207455,-0.01871975901808364,-0.16756080805165563,0,1,2,2,2,5,2,6
-0.04357972969632239,0.009381484321474216,0.08721389664753462,0.025369773890923843,0,1,0,2,2,6,3,5
-0.061507769465893425,0.03266790714814508,-0.25468520654242005,-0.02510071882309526,0,1,2,2,1,5,2,6
-0.015222236936892366,0.009801281395588779,-0.04352919161331022,0.0089824075783676,0,1,0,2,1,4,4,4
-0.09461181481301664,0.03815548757927281,-0.3108020115566911,-0.01990315585110038,0,1,2,4,0,5,2,6
-0.07307628391278384,-0.012940097145084319,-0.07373637204090241,-0.14536510126995603,0,1,2,4,0,3,6,3
0.05512368872703393,-0.023511940638596483,0.19062159540987805,0.06150578356590424,0,1,0,2,2,6,5,8
-0.0361662878124777,-0.014901665647558664,0.04906818374202305,-0.016384073286149495,0,1,0,2,2,6,3,5
0.03807314787927877,0.031117418992182084,-0.1305041048635766,0.10073191967968718,0,2,3,3,1,1,4,4
-0.009437890452683112,-0.06915543705838326,-0.004553318451333277,-0.21788035071358425,0,1,2,4,0,3,6,3
0.0536598927998708,0.019018740970386527,0.04310822587166221,0.16875393245186657,0,1,0,2,2,6,5,8
-0.021753215123771853,0.04323278276830836,0.05880007686089412,0.07774649409332347,0,1,0,2,2,6,5,8
-0.08056124618519785,0.046960964582677976,-0.2875357573428356,-0.0356573441661517,0,1,0,2,1,4,4,4
0.03652584919846857,-0.08052610281003073,0.03506214308517567,-0.24180031685628872,1,0,1,1,4,0,7,1
0.0007903834623251455,0.02628848713965957,-0.002737542430221017,0.06492342491735009,0,1,0,2,1,4,4,4
-0.030265415032700374,-0.028517060856716223,0.09849272394433393,0.013876104426639653,0,1,0,2,2,6,3,5
-0.07710901959939508,0.016515143219594852,-0.20424018071439795,-0.05284137014518188,0,1,2,4,0,3,6,3
-0.022503249930208323,-0.06604813797147564,0.04859243600178057,-0.16361689016305295,0,1,0,2,2,6,3,5
0.13949747744464408,-0.03904825206358297,0.21463486194624476,-0.33629270617644363,1,0,1,1,4,0,7,1
0.00752676256778602,-0.04464160408327375,0.07826762763174752,-0.09753209345429983,0,1,0,2,2,6,3,5
0.012804976464940446,-0.06846038832097567,0.15724575232137583,-0.1187641134236053,1,1,0,2,2,6,3,5
-0.06897356249409892,-0.005890873363992979,0.13204420534620484,0.020959798589327512,0,1,0,2,2,6,3,5
0.045875920609289654,0.005361726864011508,0.1185169407083253,0.08374994607487032,0,2,0,2,1,4,4,4
0.06969001446632123,-0.0917689992713559,0.27141599579705855,-0.10272908884074382,1,0,1,1,4,0,7,1
-0.0047327781975759495,-0.05554328499129686,0.10281589896340113,-0.11206940729430896,0,1,0,2,2,6,3,5
0.01658181774783732,-0.00872722006930207,-0.09148499567836377,-0.03998062337950292,0,1,0,2,1,4,4,4
0.02722494869334201,-0.09185090352760172,0.11529332220050027,-0.23205615172100436,1,0,1,1,4,0,7,1
-0.06378516295973873,-0.017416715441558137,-0.132619243498161,-0.11606217304304095,0,1,2,2,2,5,2,6
-0.02772990232434683,-0.01750724492809763,0.06711102676114841,0.02138737844108528,0,1,0,2,2,6,3,5
0.03910255204899339,0.0109784517832076,0.03555445699475134,0.09421603346944077,0,1,0,2,1,6,4,4
-0.020574889214253392,0.029650874058439424,-0.09201984651421569,0.041439953718323264,0,1,0,2,1,4,4,4
0.04761443703800766,0.0844498445531693,-0.07016337907070626,0.2522842447789811,0,2,3,3,3,1,0,0
0.08635329008458312,-0.11644474012531443,0.32898029539606605,-0.24193665663619712,1,0,1,1,4,0,7,1
-0.11456841303353697,0.016085877930018495,-0.29128565264548373,-0.11157018078961252,0,1,2,4,0,3,6,3
-0.00201558070407196,0.021982548385908077,0.008024770857343004,0.0552211359114883,0,1,0,2,1,4,5,8
0.041344487909631585,0.052922505319406295,-0.18031491981496373,0.1015284068294038,0,2,0,2,1,4,4,4
0.017168867836736726,-0.10738135074483811,0.19449991183502333,-0.2146362528808719,1,0,1,1,4,0,7,1
-0.10364135580137256,-0.002510075646298925,-0.22986934631687236,-0.1094143014618073,0,1,2,4,0,3,6,3
0.11195801686961106,0.005849806024093715,-0.2120777852833629,-0.2816650135394828,0,2,3,3,3,1,0,2
-0.08712729344840864,-0.02855149211556644,-0.04870647419577086,-0.18410351611224635,0,1,2,2,2,5,2,6
0.030675070407417213,0.15157597901799155,-0.09037566127965374,0.4102320540409289,0,2,3,0,5,2,1,7
0.0014176482514770346,-0.06419533809245204,0.011529988166331575,-0.19391033325094326,0,1,0,2,2,6,3,5
-0.003723052659102928,0.025665484070838115,-0.0806838133061981,0.047031155271604744,0,1,0,2,1,4,5,4
0.08852466648522608,0.07621914018022961,-0.0410335002777743,0.27794048282740197,0,2,3,3,3,1,0,0
0.09105212471633019,0.04347357343036613,0.12731928985105487,0.2412324269315752,0,2,3,3,3,1,0,2
-0.0585002914666619,-0.02066149777232577,0.12915510448468412,-0.07152319813838787,0,1,0,2,2,6,3,5
0.10956769754796286,-0.032105942633280274,0.3158845125867177,0.048688367136190236,1,0,1,1,4,0,7,1
0.049882490052765134,-0.1135333078927119,0.2903578431189194,-0.1637318769104785,1,0,1,1,4,0,7,1
-0.05343958008547436,0.15065731245341563,-0.34968765805064855,0.26356741712987386,0,2,3,3,3,1,0,0
-0.01645847303570967,0.03042022031327761,0.00367256304536918,0.06087531262970277,0,1,0,2,1,4,5,8
0.019522049876976484,0.009071379792532513,-0.11234056754432185,-0.02308923300482939,0,1,0,2,1,4,4,4
0.03151026035702483,0.04024667584318748,-0.0974633786678399,0.08941028679699052,0,2,3,3,1,4,4,4
0.0023599606697553973,-0.0057736954326406895,0.03096333995400529,-0.006569280053223364,0,1,0,2,2,6,3,5
-0.02626925278069214,-0.006231681119136007,-0.03827899363441793,-0.04622913990581725,0,1,0,2,2,6,3,5
-0.042241399918659356,0.15004192247610318,-0.2518252617948305,0.3759705949506433,0,2,3,3,3,1,0,0
-0.025337270979875353,0.008966641515682121,-0.032803966673836144,0.008468350098090266,0,1,0,2,1,6,4,4
0.013875147491888227,0.12725273484362587,-0.09691493233493732,0.3240055316037765,0,2,3,3,3,1,0,0
-0.026472007171344663,0.04434754019410259,-0.1537910677754495,0.05686286464063779,0,1,0,2,1,4,5,8
0.08528065653730325,0.047837230516339126,0.14416439451742608,0.18791872471000906,0,2,3,3,3,1,0,2
0.06580337777492563,0.09438770102720309,-0.22962777301038362,0.2638202086679278,0,2,3,3,3,1,0,0
0.03386831077474281,0.06975941521367346,-0.028844495346675565,0.19200771501348946,0,2,3,3,3,4,0,0
0.05893429999601055,-0.05424074850144959,0.20861223125378145,-0.07143856726235424,1,0,1,1,4,0,7,1
-0.0439090969461917,-0.11055131842978312,0.003835781291254065,-0.3121522174448867,0,1,0,0,5,2,1,7
-0.002363913194204834,-0.00028817309633019666,-0.10244097962266766,-0.04431314863644199,0,1,0,2,1,4,4,4
0.016629116696873475,-0.05838305223022584,0.029732354352032427,-0.17946159495985123,1,0,1,1,4,0,7,1
-0.03623407824369601,0.03836684175373714,-0.12972042861362232,0.03368347476415497,0,1,0,2,1,4,4,4
0.03306370456335023,-0.01992055703050464,0.1566573516846151,0.05561018690592563,0,1,0,2,2,6,5,8
0.05604606386046078,0.00930139146157411,-0.25335648688536466,0.04650794467356105,0,2,2,4,1,4,4,4
-0.07327676798543994,0.027870762715702328,-0.23468716585701677,-0.01820473990930034,0,1,2,4,0,5,2,6
0.07429439100664778,0.08953570024647066,-0.0433768406184233,0.2939718123444515,0,2,3,3,3,1,0,0
-0.013089125074680517,-0.0057882476781455985,0.002997211899078893,-0.01595546209407011,0,1,0,2,2,6,3,5
-0.05081679060337744,-0.06891648654433101,-0.07964379827397242,-0.2258568553242705,0,1,0,2,2,6,3,5
-0.08856945240777415,-0.07460448142647336,0.011414824937816164,-0.3005452466147609,0,1,2,4,0,3,6,3
0.014124082110609905,0.0461333479273642,-0.05182181106782652,0.10487779930408675,0,2,0,3,1,4,4,4
0.040771464112957324,-0.10666226890600712,0.23602165389514873,-0.16767301755758057,1,0,1,1,4,0,7,1
-0.04611530655307579,-0.005883902421449945,-0.013564177012145861,-0.06513684990731172,0,1,0,2,2,6,3,5
0.03886483677566154,-0.04104140631040375,0.2025180894082777,-0.027516359288826814,0,1,0,2,2,6,3,5
-0.001834104664740579,0.0866887124118137,-0.04849583668213605,0.22601743099011898,0,2,3,3,1,4,5,8
0.04286775273898283,0.0013884316590432788,0.06905971123005013,0.055292792818960934,0,2,3,3,3,1,0,2
-0.017319403480822865,-0.015622349327564625,-0.0007436077769990663,-0.05061737719078155,0,1,0,2,2,6,3,5
-0.13677029663791912,-0.05046151857061634,-0.03866229865228863,-0.42289627641134303,0,1,2,4,0,3,6,3
-0.008387561847363587,-0.012838041013400756,0.016087078806976268,-0.025475240198820068,0,1,0,2,2,6,3,5
-0.06824389398768643,-0.06866205799341128,-0.14755365909475246,-0.24563249891479802,0,1,2,4,0,5,2,6
0.014653199835177311,-0.02773355808184559,-0.02161757333779564,-0.09592162764704587,0,1,0,2,2,6,3,5
0.04854869348235347,-0.026373872653572838,-0.187996665529861,-0.15813771078048652,0,1,0,2,1,4,4,4
-0.025254847789242245,0.030862297844500095,-0.10986866920777226,0.03982352327795766,0,1,0,2,1,4,4,4
-0.008772741990783903,-0.013508784454199719,-0.06857840465440718,-0.07055155406416691,0,1,0,2,2,6,3,4
0.14215496054600657,0.07143411142515407,-0.3615980676783558,0.18195405693154446,0,2,3,0,5,2,1,7
0.002130718276870755,-0.03592814565553259,-0.025931793017030615,-0.14424294697374773,0,1,0,2,2,6,3,5
-0.022512485193758237,0.09421408474833581,-0.30180763932201277,0.08890138372313817,0,1,0,2,1,4,4,4
0.06097843349340028,-0.09752870057322963,0.1800106935691935,-0.21778953539763188,1,0,1,1,4,0,7,1
0.015662349361589657,-0.06374461304288792,0.18961828141646875,-0.08151885236064622,1,1,0,2,2,6,3,5
0.0697770678890564,0.04615265942516545,-0.13575902300362935,0.196231573326805,0,2,3,3,3,1,0,0
0.045077277556325665,-0.1250304892085382,0.24529002568784286,-0.20545682894006542,1,0,1,1,4,0,7,1
-0.02367244673680149,-0.016496410740657233,0.08175891232696583,0.013009477149943095,0,1,0,2,2,6,3,5
-0.03714595635229053,0.005644999318592159,-0.1385693365429645,-0.05589989106881169,0,1,2,2,1,5,2,6
0.05504752751971261,-0.1218263209211804,0.2615165534179101,-0.20465549384406367,1,0,1,1,4,0,7,1
0.0657392482567334,-0.05623226884233183,0.2320429914275587,-0.06618055996732636,1,0,1,1,4,0,7,1
0.0324491821851616,-0.056250738447845346,-0.08149641282658128,-0.23976509632437337,1,0,1,1,4,5,2,6
-0.012727339218960384,0.09676264515899793,-0.1861901295739997,0.19211613171696315,0,2,3,3,3,1,0,0
0.02412121780519151,-0.018624636081378532,0.06423697837653168,-0.037872665912816635,0,1,0,2,2,6,3,5
-0.08863698939110666,-0.0021090269826681877,-0.19419815935745918,-0.114155451856436,0,1,2,4,0,3,6,3
0.0015637666543158004,0.013436950810206716,-0.03182721016211676,0.027676755349532622,0,1,0,2,1,4,4,4
-0.004528139146193861,-0.007391612649428167,0.018058787162442882,-0.014939688494843343,0,1,0,2,2,6,3,5
-0.023928300029616024,-0.0235187307174018,-0.021585024268751102,-0.1074044783680008,0,1,0,2,2,6,3,5
