position,track name,artist,streams,danceability,energy,key,loudness,mode,speechiness,acousticness,instrumentalness,liveness,valence,tempo,duration_ms,time_signature,genre,explicit,popularity,year
198,"From The D To The A (feat. Lil Yachty)","Tee Grizzley",184428,0.851,0.625,"B",-5.4170000000000025,"minor",0.303,0.195,0.0,0.266,0.6679999999999999,99.061,158684,4,"Rap","explicit",71,2017
188,"Burning","Sam Smith",21635,0.721,0.758,"B",-7.5360000000000005,"minor",0.0372,0.6709999999999999,0.8909999999999999,0.133,0.8640000000000001,150.825,191173,4,"Dark Trap","not explicit",62,2006
183,"Drew Barrymore","SZA",172101,0.758,0.574,"B",-6.888999999999999,"minor",0.0572,0.46,0.0027199999999999998,0.102,0.261,151.985,191147,4,"Hiphop","explicit",68,2017
172,"Will He","Joji",219860,0.618,0.217,"A♯",-15.372,"major",0.0515,0.836,0.00016299999999999998,0.5379999999999999,0.0872,116.014,202103,4,"Hiphop","explicit",72,2018
194,"My Choppa Hate Niggas","21 Savage",21887,0.862,0.27399999999999997,"C",-5.818,"minor",0.484,0.0974,0.185,0.183,0.146,77.493,148640,4,"Hiphop","explicit",63,2017
197,"Unforgettable","French Montana",38232,0.488,0.366,"F",-10.196,"major",0.0269,0.7979999999999999,1.4999999999999999e-05,0.11,0.16699999999999998,82.07799999999997,205605,4,"Underground Rap","not explicit",2,1951
195,"I Miss You","Grey",17910,0.382,0.578,"F",-4.246,"major",0.047,0.00982,1.4400000000000001e-05,0.433,0.156,113.072,348625,4,"Pop","not explicit",58,2015
198,"Scars To Your Beautiful","Alessia Cara",26644,0.573,0.7390000000000001,"C",-5.74,"major",0.129,0.0285,0.0,0.111,0.451,97.085,230227,4,"Pop","not explicit",74,2015
160,"Jump","French Montana",20901,0.9309999999999999,0.519,"B",-11.52,"minor",0.0766,0.00642,0.0,0.034,0.9640000000000001,120.544,139640,4,"Hiphop","not explicit",22,1976
66,"goosebumps","Travis Scott",43431,0.847,0.7190000000000001,"E",-3.3,"minor",0.0468,0.0868,0.0,0.14800000000000002,0.442,130.032,243837,4,"Hiphop","not explicit",61,2016
169,"Badlands","Alyssa Reid",19203,0.3720000000000001,0.912,"A",-8.832,"minor",0.0713,0.0016300000000000002,0.0275,0.297,0.45899999999999996,166.889,444453,4,"Underground Rap","not explicit",34,1989
195,"Provider","Frank Ocean",19784,0.6970000000000001,0.7709999999999999,"B",-6.295,"minor",0.0599,0.244,0.0,0.295,0.617,79.92699999999998,258670,4,"RnB","explicit",47,2002
191,"Nothing Without You","The Weeknd",16345,0.542,0.401,"F",-16.567,"major",0.028999999999999998,0.0493,0.0025399999999999997,0.109,0.764,126.57,307267,4,"RnB","not explicit",39,1990
198,"Chandelier","Sia",28002,0.7440000000000001,0.897,"C♯",-4.378,"major",0.121,0.0659,0.0,0.225,0.721,124.976,196759,5,"Pop","not explicit",39,2020
175,"PRIDE.","Kendrick Lamar",19769,0.665,0.535,"E",-7.056,"minor",0.0572,0.0786,1.6800000000000002e-05,0.154,0.37,138.842,275253,4,"Hiphop","explicit",70,2017
168,"7 Years","Lukas Graham",35970,0.52,0.267,"A♯",-7.394,"major",0.0408,0.858,0.0,0.11,0.38299999999999995,111.884,244821,4,"Pop","not explicit",7,2020
46,"Thunder","Imagine Dragons",125270,0.667,0.316,"C",-9.132,"major",0.0262,0.0292,0.00613,0.147,0.156,100.99799999999999,313663,4,"Emo","explicit",62,2017
182,"American Dream","Bob Pressner",18395,0.168,0.858,"D",-4.617,"major",0.0658,0.0336,8.65e-05,0.293,0.599,140.939,101507,4,"Dark Trap","not explicit",26,1982
198,"LOYALTY. FEAT. RIHANNA.","Kendrick Lamar",36054,0.6579999999999999,0.535,"A",-8.982999999999997,"minor",0.0573,0.0265,0.0,0.2,0.419,110.684,227360,4,"Rap","explicit",71,2017
26,"rockstar","Post Malone",173640,0.626,0.6559999999999999,"C",-7.051,"major",0.0289,0.0222,0.0,0.106,0.5529999999999999,143.958,256000,4,"Rap","not explicit",0,2020
186,"Depression & Obsession","XXXTENTACION",21419,0.769,0.156,"B",-10.7,"minor",0.035,0.585,0.015,0.102,0.527,105.95,144733,4,"Hiphop","explicit",73,2017
50,"I Get The Bag (feat. Migos)","Gucci Mane",54292,0.89,0.633,"B",-5.475,"major",0.168,0.0232,0.000343,0.0993,0.425,139.94799999999998,233087,4,"RnB","explicit",72,2017
200,"Get Right Witcha","Migos",19229,0.95,0.743,"A♯",-5.8610000000000015,"minor",0.23800000000000002,0.0646,1.1900000000000001e-05,0.10300000000000001,0.62,136.98,257546,4,"RnB","explicit",63,2017
199,"Jungle","Drake",153929,0.272,0.9490000000000001,"A",-7.069,"major",0.114,0.000363,0.517,0.321,0.245,115.17299999999999,332493,4,"Hiphop","not explicit",0,1930
182,"Let Me Blow Ya Mind","Eve",19245,0.9079999999999999,0.557,"G♯",-4.243,"minor",0.107,0.242,0.0,0.0709,0.897,90.03200000000002,230133,4,"Hiphop","explicit",72,2001
170,"California Love - Original Version","2Pac",182732,0.7609999999999999,0.847,"G",-3.068,"major",0.0417,0.0292,2.26e-06,0.39,0.765,91.51899999999999,284480,4,"Hiphop","explicit",65,2007
186,"Hymn","Kesha",19947,0.413,0.426,"E",-11.833,"major",0.0287,0.0506,3.8e-06,0.14800000000000002,0.23600000000000002,137.66299999999998,309080,3,"RnB","not explicit",26,1977
190,"I'm Not The Only One","Sam Smith",41379,0.677,0.485,"F",-5.795,"major",0.0361,0.529,2.0399999999999998e-05,0.0766,0.493,82.001,239317,4,"Pop","not explicit",81,2014
199,"8TEEN","Khalid",20704,0.83,0.585,"C♯",-5.8020000000000005,"major",0.0366,0.225,0.00209,0.0576,0.642,105.03,228600,4,"Hiphop","not explicit",78,2017
186,"Slide","Calvin Harris",46430,0.371,0.845,"G♯",-4.199,"major",0.0399,0.0075299999999999985,0.0,0.0556,0.47100000000000003,112.198,213200,4,"RnB","not explicit",54,2007
200,"Kung Fu","Dasoul",31563,0.254,0.9590000000000001,"A",-4.527,"major",0.191,0.00613,7.42e-06,0.337,0.493,176.273,137307,4,"RnB","not explicit",39,1996
198,"Up","NAV",18046,0.66,0.491,"G♯",-6.645,"minor",0.10099999999999999,0.0338,0.0,0.10099999999999999,0.376,154.132,199520,4,"Rap","explicit",61,2017
199,"Water","Ugly God",18064,0.431,0.861,"C♯",-5.4239999999999995,"major",0.0474,8.05e-05,0.322,0.0957,0.364,172.092,252667,4,"Hiphop","not explicit",38,2002
190,"Unsteady","X Ambassadors",18606,0.389,0.665,"C",-6.169,"major",0.0644,0.17800000000000002,0.000732,0.11599999999999999,0.19899999999999998,117.055,193547,4,"Emo","not explicit",76,2015
192,"Into You","Ariana Grande",40353,0.623,0.7340000000000001,"A",-5.9479999999999995,"major",0.107,0.0162,1.75e-06,0.145,0.37,107.853,244453,4,"Pop","not explicit",75,2016
159,"Money Trees","Kendrick Lamar",191846,0.716,0.531,"G",-7.355,"major",0.122,0.0703,0.0,0.22399999999999998,0.344,71.994,386907,4,"Hiphop","explicit",62,2012
98,"Drowning (feat. Kodak Black)","A Boogie Wit da Hoodie",33443,0.8390000000000001,0.81,"F",-5.274,"minor",0.0568,0.501,0.0,0.11699999999999999,0.8140000000000001,129.014,209269,4,"Hiphop","explicit",75,2017
143,"The Man","The Killers",48171,0.308,0.769,"B",-7.256,"minor",0.065,0.0331,0.0,0.214,0.488,81.85300000000002,254880,4,"Rap","not explicit",58,2014
191,"Dangerous","The xx",32748,0.872,0.622,"F♯",-9.276,"major",0.498,0.0179,0.0,0.204,0.8009999999999999,95.65799999999999,254960,4,"RnB","explicit",39,1997
170,"Most Girls","Hailee Steinfeld",25111,0.76,0.569,"A",-7.518,"major",0.102,0.0522,0.0,0.10400000000000001,0.446,102.98200000000001,205080,4,"Pop","not explicit",20,2019
164,"LUST.","Kendrick Lamar",20534,0.6779999999999999,0.562,"D♯",-9.197000000000001,"minor",0.508,0.193,0.0,0.10400000000000001,0.5660000000000001,94.241,307880,4,"Rap","explicit",62,2017
199,"One Night","Lil Yachty",150234,0.846,0.542,"C♯",-11.024000000000001,"major",0.0358,0.223,0.0,0.0259,0.898,102.57700000000001,300773,4,"Hiphop","not explicit",33,1989
162,"Love The Way You Lie","Eminem",20547,0.212,0.985,"G",-2.8560000000000003,"major",0.106,0.000281,3.34e-06,0.0866,0.237,156.389,297240,4,"Hiphop","explicit",52,2011
194,"Moves","Big Sean",19662,0.812,0.522,"D",-5.287000000000001,"major",0.257,0.0433,0.0,0.154,0.38,75.524,142907,4,"Rap","explicit",63,2017
175,"Say You Won't Let Go","James Arthur",36684,0.358,0.557,"A♯",-7.398,"major",0.059000000000000004,0.695,0.0,0.0902,0.494,85.04299999999998,211467,4,"Emo","not explicit",86,2016
185,"Run Away","dvsn",22267,0.721,0.924,"C♯",-8.282,"major",0.0396,0.000683,0.003820000000000001,0.0817,0.6940000000000001,130.947,244133,4,"Dark Trap","not explicit",51,1995
113,"The Way Life Goes (feat. Oh Wonder)","Lil Uzi Vert",31137,0.703,0.757,"C♯",-3.612,"major",0.05,0.617,0.0,0.106,0.696,82.008,221747,4,"Dark Trap","explicit",77,2017
110,"White Iverson","Post Malone",31864,0.675,0.562,"G",-7.678,"major",0.0352,0.233,0.0,0.0816,0.309,130.09799999999998,256533,4,"Hiphop","explicit",77,2016
159,"Hallelujah","Pentatonix",24498,0.285,0.297,"A",-9.259,"minor",0.0339,0.743,0.0,0.138,0.156,103.65299999999999,283529,4,"Rap","not explicit",60,2016
198,"A Lonely Night","The Weeknd",15429,0.853,0.6629999999999999,"G",-6.955,"minor",0.0755,0.0431,8.71e-06,0.0891,0.8640000000000001,113.99799999999999,220173,4,"RnB","not explicit",67,2016
193,"444+222","Lil Uzi Vert",19656,0.7909999999999999,0.513,"A♯",-6.568,"minor",0.26899999999999996,0.0235,2.8300000000000014e-05,0.10099999999999999,0.48100000000000004,76.997,247347,4,"RnB","explicit",62,2017
77,"Better Days","Hedley",39757,0.626,0.726,"F",-5.015,"major",0.0376,0.235,0.0,0.304,0.257,89.132,144530,4,"Hiphop","not explicit",76,2020
196,"Call Me","NAV",22713,0.426,0.975,"C",-1.892,"major",0.095,0.0017,0.0,0.0891,0.273,142.998,197627,4,"RnB","not explicit",49,2009
178,"A.D.H.D","Kendrick Lamar",177260,0.609,0.799,"A",-6.882999999999999,"major",0.24,0.33,0.0,0.10800000000000001,0.5820000000000001,157.74,215509,4,"Hiphop","explicit",70,2011
170,"Sixteen","Thomas Rhett",21153,0.669,0.8009999999999999,"G♯",-5.445,"major",0.136,0.268,0.0,0.0594,0.541,109.919,201072,4,"Underground Rap","not explicit",72,2019
35,"Shape of You","Ed Sheeran",143981,0.825,0.652,"C♯",-3.1830000000000003,"minor",0.0802,0.581,0.0,0.0931,0.9309999999999999,95.977,233713,4,"Pop","not explicit",72,2017
107,"Paper Planes","M.I.A.",34286,0.736,0.76,"D",-8.64,"major",0.184,0.139,0.0,0.6509999999999999,0.833,85.991,204000,4,"Hiphop","not explicit",0,2018
181,"Selfish","Future",20073,0.373,0.539,"C♯",-4.865,"major",0.086,0.166,0.0,0.139,0.075,77.006,196202,4,"Hiphop","explicit",72,2020
169,"Rap God","Eminem",21963,0.708,0.8490000000000001,"G",-2.6660000000000004,"major",0.324,0.38,0.0,0.8490000000000001,0.649,148.102,363973,4,"Hiphop","explicit",61,2013
193,"Cake By The Ocean","DNCE",40451,0.754,0.698,"A",-5.806,"minor",0.0619,0.0367,0.0,0.125,0.888,120.052,234920,4,"Pop","explicit",11,2020
152,"Icon","Jaden Smith",26058,0.424,0.34700000000000003,"A",-9.05,"major",0.03,0.0748,0.743,0.537,0.22399999999999998,126.286,326387,4,"Hiphop","not explicit",36,1979
46,"Pick It Up (feat. A$AP Rocky)","Famous Dex",59890,0.9209999999999999,0.467,"C♯",-8.443,"major",0.11900000000000001,0.0149,0.00023799999999999998,0.33399999999999996,0.287,135.995,191252,4,"RnB","explicit",68,2018
128,"BURN IT DOWN","Linkin Park",50147,0.345,0.9740000000000001,"D",-3.221,"minor",0.0607,0.0012,3.0299999999999998e-05,0.36200000000000004,0.5710000000000001,175.02700000000004,298813,4,"Emo","explicit",49,2005
198,"Ex Calling","6LACK",23602,0.773,0.564,"C♯",-7.2410000000000005,"major",0.249,0.00561,1.99e-05,0.213,0.0588,155.976,211960,4,"Rap","explicit",68,2016
187,"Do Not Disturb","Drake",20853,0.718,0.139,"D",-20.429000000000002,"major",0.11,0.887,2.44e-05,0.11900000000000001,0.731,112.825,113827,4,"Hiphop","not explicit",19,1965
111,"You & Me","Marshmello",281661,0.7140000000000001,0.6859999999999999,"B",-6.3329999999999975,"major",0.0445,0.203,7.76e-06,0.102,0.828,127.015,231653,4,"Dark Trap","not explicit",73,2019
45,"So Far Away","Martin Garrix",60073,0.5760000000000001,0.444,"D",-11.392000000000001,"major",0.0256,0.478,0.00020299999999999997,0.177,0.5720000000000001,140.018,260293,3,"Emo","not explicit",39,1996
102,"Rubbin Off The Paint","YBN Nahmir",32740,0.7340000000000001,0.7509999999999999,"C♯",-7.26,"major",0.285,0.0052899999999999996,0.0,0.183,0.56,161.997,159916,5,"Hiphop","explicit",68,2018
185,"Gospel","Rich Brian",21106,0.6809999999999999,0.659,"A",-6.405,"major",0.268,0.0008560000000000001,8.17e-06,0.11,0.225,156.004,173294,4,"Hiphop","explicit",68,2017
197,"Everybody","Logic",19630,0.742,0.636,"B",-6.744,"major",0.0331,0.446,0.0,0.0817,0.48,95.00200000000001,208427,4,"Rap","not explicit",52,2009
150,"iSpy (feat. Lil Yachty)","KYLE",26138,0.723,0.654,"C",-6.82,"major",0.298,0.384,0.0,0.384,0.675,149.94899999999996,252240,4,"Rap","explicit",69,2018
68,"Location","Khalid",41852,0.7170000000000001,0.79,"B",-4.213,"major",0.2,0.33,0.000125,0.518,0.371,125.985,168784,4,"RnB","explicit",75,2017
110,"Attention","Charlie Puth",62941,0.787,0.312,"G",-12.401,"major",0.0383,0.895,0.0224,0.115,0.425,119.899,128888,4,"Pop","explicit",69,2018
27,"Wolves","Selena Gomez",171691,0.746,0.336,"D",-9.777999999999999,"major",0.0502,0.846,0.000745,0.0819,0.341,123.178,112000,4,"Hiphop","not explicit",0,2019
138,"Love","Lana Del Rey",41236,0.703,0.763,"B",-9.815,"minor",0.0991,0.0979,0.91,0.179,0.759,93.01100000000001,321107,4,"Hiphop","not explicit",0,2000
21,"3 A.M.","Jesse & Joy",189512,0.75,0.831,"E",-2.6010000000000004,"minor",0.397,0.0603,0.0,0.0576,0.731,76.439,319853,4,"Underground Rap","explicit",52,2009
192,"Umbrella","Rihanna",17947,0.634,0.7709999999999999,"C♯",-6.232,"major",0.265,0.0925,0.0,0.0535,0.649,173.921,252000,4,"Hiphop","not explicit",0,2010
180,"0 To 100 / The Catch Up","Drake",19389,0.5589999999999999,0.716,"B",-3.964,"minor",0.39,0.737,0.0,0.252,0.504,176.618,275227,4,"Rap","explicit",71,2013
194,"The Last Of The Real Ones","Fall Out Boy",20991,0.5760000000000001,0.872,"G♯",-5.292999999999998,"major",0.0471,0.00599,0.0,0.188,0.5589999999999999,115.042,230400,4,"Emo","not explicit",62,2018
198,"Revenge","XXXTENTACION",20537,0.0635,0.109,"A",-19.9,"major",0.0322,0.867,0.9309999999999999,0.111,0.166,61.332,81267,4,"Hiphop","not explicit",11,1960
130,"Trumpets","Sak Noel & Salvi",42742,0.635,0.691,"C",-4.862,"major",0.258,0.555,0.0,0.09699999999999999,0.638,82.14200000000002,217419,4,"RnB","not explicit",65,2013
80,"That's What I Like","Bruno Mars",73996,0.547,0.289,"F",-11.385,"major",0.0274,0.902,1.96e-06,0.285,0.446,74.95,158520,4,"Pop","not explicit",18,1964
187,"Just Like You","Louis Tomlinson",21839,0.555,0.97,"D",-2.036,"major",0.0787,0.00221,0.0,0.122,0.677,112.564,212612,4,"Emo","not explicit",56,2015
194,"Teenage Fever","Drake",19291,0.7659999999999999,0.28300000000000003,"G♯",-10.33,"minor",0.0846,0.111,0.0172,0.115,0.14400000000000002,97.04,219692,4,"Hiphop","explicit",75,2017
187,"Say My Name","Destiny's Child",18285,0.632,0.631,"F",-3.801,"minor",0.13,0.311,0.0,0.142,0.684,68.88,268027,4,"Hiphop","not explicit",45,2000
158,"'Till I Collapse","Eminem",25863,0.5589999999999999,0.84,"C♯",-3.264,"major",0.23600000000000002,0.0706,0.0,0.0967,0.113,171.31099999999995,297907,4,"Hiphop","not explicit",47,2002
97,"Rich Girl","Daryl Hall & John Oates",35826,0.473,0.966,"F",-4.662,"major",0.0679,0.0683,0.0,0.107,0.486,98.835,125880,4,"Pop","not explicit",48,2008
44,"Gucci Gang","Lil Pump",130671,0.9359999999999999,0.523,"F",-6.71,"major",0.0597,0.239,0.0,0.11699999999999999,0.6990000000000001,119.889,124056,4,"Hiphop","explicit",69,2017
168,"Trap Queen","Fetty Wap",17585,0.746,0.873,"G",-3.803,"major",0.128,0.0244,0.0,0.354,0.8170000000000001,148.075,222093,4,"Hiphop","explicit",73,2015
15,"I Fall Apart","Post Malone",92127,0.36200000000000004,0.614,"G",-13.297,"minor",0.0961,0.107,0.0012,0.12300000000000001,0.664,79.432,312400,4,"Hiphop","not explicit",50,1971
200,"pick up the phone","Young Thug",17954,0.517,0.929,"F♯",-6.0310000000000015,"minor",0.11800000000000001,0.00449,0.000492,0.307,0.7659999999999999,152.1,195213,4,"Rap","not explicit",40,1983
175,"By Your Side","Jonas Blue",38982,0.589,0.7609999999999999,"C♯",-5.615,"minor",0.0316,0.303,0.0,0.218,0.22399999999999998,127.984,228250,4,"Dark Trap","not explicit",1,2020
159,"Can I Be Him","James Arthur",21122,0.696,0.5429999999999999,"B",-6.164,"major",0.0489,0.308,0.0,0.0939,0.479,107.969,246880,4,"Emo","not explicit",78,2016
157,"Toxic","Britney Spears",26739,0.843,0.546,"D",-6.376,"major",0.0678,0.0535,0.0,0.203,0.718,126.098,162759,4,"Pop","explicit",63,2021
197,"Let Her Go","Passenger",18158,0.594,0.6629999999999999,"F♯",-7.587999999999999,"major",0.0292,0.00512,0.12300000000000001,0.162,0.8059999999999999,111.12299999999999,182607,4,"Hiphop","not explicit",55,2014
199,"Down","Fifth Harmony",40129,0.509,0.929,"G",-4.997,"major",0.0474,0.000148,0.107,0.0461,0.556,91.04299999999999,209427,4,"RnB","not explicit",44,2003
197,"Without Me","Eminem",20022,0.611,0.868,"C",-3.995,"minor",0.0645,0.0146,0.0,0.122,0.48,135.947,229412,4,"Hiphop","not explicit",65,2019
197,"LUV","Tory Lanez",17788,0.542,0.528,"B",-8.113,"minor",0.243,0.0108,0.0,0.11699999999999999,0.253,190.42,228640,4,"Underground Rap","explicit",12,2021
190,"Chanel","Frank Ocean",19197,0.7759999999999999,0.503,"C",-5.732,"minor",0.237,0.8740000000000001,0.0,0.11199999999999999,0.473,110.134,210285,4,"Hiphop","explicit",81,2017
190,"DNA","BTS",36547,0.599,0.774,"C♯",-4.013999999999999,"minor",0.0541,0.0223,0.0,0.0669,0.696,129.819,223123,4,"Hiphop","not explicit",73,2018
198,"Seven Million (feat. Future)","Lil Uzi Vert",128117,0.8859999999999999,0.629,"C♯",-4.404,"minor",0.306,0.051,7.66e-06,0.121,0.48700000000000004,158.002,182491,4,"Underground Rap","explicit",62,2016
186,"DUCKWORTH.","Kendrick Lamar",20037,0.552,0.731,"G",-6.8729999999999976,"major",0.615,0.0536,0.0,0.258,0.632,174.516,248613,4,"Rap","explicit",64,2017
190,"Bust Down","Trippie Redd",19641,0.722,0.821,"D",-4.167,"major",0.172,0.337,2.12e-05,0.15,0.659,73.015,245229,4,"Rap","explicit",60,2017
196,"Green Light","Lorde",36217,0.872,0.434,"C♯",-11.737,"major",0.733,0.0663,0.0,0.096,0.292,82.97399999999998,121522,4,"Hiphop","explicit",64,2019
188,"Take Me To Church","Hozier",18941,0.575,0.664,"E",-5.303,"minor",0.0481,0.637,0.0,0.11599999999999999,0.4370000000000001,129.07,241693,4,"Pop","not explicit",67,2014
198,"No Option","Post Malone",20409,0.575,0.7340000000000001,"D",-4.949,"major",0.057,0.0757,0.0,0.24100000000000002,0.494,83.986,179827,4,"Rap","explicit",70,2016
179,"Damage","PARTYNEXTDOOR",22157,0.7090000000000001,0.5489999999999999,"B",-10.805,"major",0.613,0.0339,0.121,0.128,0.662,98.45700000000001,167867,4,"Hiphop","explicit",35,1995
59,"All Falls Down","Alan Walker",48658,0.6579999999999999,0.6779999999999999,"C♯",-4.407,"major",0.057999999999999996,0.303,0.0,0.361,0.662,97.976,199111,4,"Hiphop","not explicit",37,2017
160,"Wicked","Future",164503,0.718,0.679,"B",-5.899,"minor",0.0706,0.0019100000000000002,0.0104,0.385,0.205,157.97,173347,4,"Hiphop","explicit",59,2016
196,"Runaway","Linkin Park",23142,0.4320000000000001,0.625,"D♯",-6.773,"minor",0.201,0.298,1.34e-05,0.156,0.43799999999999994,74.815,164522,3,"Hiphop","not explicit",0,2021
149,"Best Of Me","BTS",43180,0.742,0.728,"A♯",-6.626,"minor",0.0315,0.00962,3.73e-05,0.134,0.6970000000000001,96.01,226373,4,"RnB","not explicit",58,2011
47,"Stir Fry","Migos",58848,0.8170000000000001,0.816,"D",-5.402,"major",0.26899999999999996,0.00263,0.0,0.159,0.508,181.982,190288,4,"RnB","explicit",71,2018
197,"All The Way Up","Fat Joe",17744,0.536,0.721,"A♯",-6.44,"minor",0.386,0.062,0.0,0.8240000000000001,0.39299999999999996,117.139,191942,4,"Hiphop","explicit",68,2016
189,"No Role Modelz","J. Cole",22921,0.6920000000000001,0.521,"A♯",-8.465,"minor",0.33,0.301,0.0,0.0565,0.46299999999999997,100.45,292987,4,"Hiphop","explicit",28,2018
197,"ELEMENT.","Kendrick Lamar",20943,0.748,0.705,"E",-4.547,"minor",0.485,0.204,0.0,0.24600000000000002,0.483,189.891,208733,4,"Hiphop","explicit",70,2017
86,"Danger (with Migos & Marshmello)","Migos",36793,0.8140000000000001,0.743,"A",-2.968,"major",0.159,0.152,0.0,0.163,0.3670000000000001,107.99600000000001,214587,4,"RnB","explicit",70,2017
150,"Never Forget You","Zara Larsson",18915,0.525,0.5329999999999999,"D",-7.419,"major",0.0289,0.2,0.0,0.198,0.268,149.923,225707,4,"Emo","not explicit",42,1993
193,"Dark Horse","Katy Perry",35637,0.647,0.585,"F♯",-6.1229999999999976,"major",0.0512,0.00314,0.0,0.165,0.353,131.934,215672,4,"Pop","not explicit",71,2013
71,"The Other Side","Hugh Jackman",77927,0.6990000000000001,0.547,"G",-5.716,"major",0.0636,0.17300000000000001,0.0,0.0969,0.705,105.93700000000001,189057,4,"Trap Metal","not explicit",5,2020
188,"Company","Justin Bieber",33605,0.6509999999999999,0.55,"G",-8.215,"major",0.0496,0.0403,0.0,0.165,0.11900000000000001,107.56700000000001,252640,4,"Dark Trap","explicit",60,2015
189,"November","Tyler, The Creator",167538,0.547,0.759,"C♯",-7.039,"minor",0.413,0.354,2.15e-05,0.6759999999999999,0.575,91.85,225347,4,"Hiphop","explicit",62,2017
192,"beibs in the trap","Travis Scott",22254,0.743,0.5710000000000001,"G",-6.053999999999999,"minor",0.145,0.24,0.0,0.29100000000000004,0.495,119.054,213863,4,"Hiphop","explicit",72,2016
190,"I Write Sins Not Tragedies","Panic! At The Disco",188913,0.569,0.77,"A",-7.183,"minor",0.0539,0.0163,0.0,0.10300000000000001,0.858,170.012,187000,4,"Emo","not explicit",0,2020
198,"Kiss","Prince",166716,0.34600000000000003,0.769,"E",-7.224,"major",0.109,0.00829,0.0,0.0815,0.163,150.589,250267,4,"Underground Rap","explicit",69,2017
182,"Again","Noah Cyrus",20239,0.49,0.8909999999999999,"A",-3.1010000000000004,"major",0.0646,0.00758,0.0,0.162,0.306,126.223,183026,4,"Dark Trap","not explicit",0,2018
171,"Foreign","Lil Pump",222020,0.762,0.705,"F♯",-5.195,"minor",0.16399999999999998,0.0906,0.0,0.17,0.264,122.955,142893,4,"Rap","explicit",67,2018
190,"The Brightside","Lil Peep",22187,0.6459999999999999,0.64,"D♯",-6.522,"minor",0.0424,0.0348,0.0,0.10800000000000001,0.882,134.03,216041,4,"Hiphop","explicit",71,2017
197,"A Thousand Years","Christina Perri",37290,0.778,0.9590000000000001,"G",-4.29,"minor",0.1,0.000334,0.561,0.299,0.9620000000000001,140.02700000000002,202286,3,"Emo","not explicit",0,2017
51,"Wanted You (feat. Lil Uzi Vert)","NAV",54127,0.797,0.731,"A",-4.4430000000000005,"minor",0.0479,0.22899999999999998,0.0,0.22399999999999998,0.623,146.93,228387,4,"RnB","explicit",66,2018
191,"Disturbia","Rihanna",21769,0.818,0.654,"B",-8.818999999999997,"minor",0.0301,0.0124,4.3e-05,0.11699999999999999,0.961,124.985,239305,4,"RnB","not explicit",0,2018
196,"Secrets","The Weeknd",16863,0.6829999999999999,0.805,"D",-10.270999999999999,"major",0.0348,0.0238,0.18899999999999997,0.0502,0.938,138.349,172213,4,"RnB","not explicit",23,1985
179,"In My Feelings","Lana Del Rey",175992,0.835,0.626,"C♯",-5.8329999999999975,"major",0.125,0.0589,5.9999999999999995e-05,0.396,0.35,91.03,217925,4,"Pop","explicit",78,2018
49,"Butterfly Effect","Travis Scott",55739,0.763,0.628,"B",-5.85,"major",0.05,0.0531,0.0,0.114,0.193,140.958,190557,4,"Hiphop","not explicit",80,2018
197,"All On Me","Devin Dawson",184519,0.634,0.6679999999999999,"F",-5.4879999999999995,"major",0.0291,0.14,0.0,0.21600000000000005,0.635,80.98899999999998,224627,4,"Underground Rap","not explicit",64,2018
163,"Waterfall","Stargate",44422,0.6609999999999999,0.8,"F♯",-9.244,"major",0.0359,0.0897,0.000152,0.0535,0.879,119.15899999999999,301907,4,"Dark Trap","not explicit",26,1987
195,"Antidote","Travis Scott",16437,0.713,0.526,"C♯",-5.046,"major",0.032,0.0076700000000000015,0.000148,0.124,0.131,131.05,262693,4,"Hiphop","explicit",76,2015
185,"Losin Control","Russ",22958,0.759,0.245,"F♯",-6.545,"major",0.138,0.515,0.000154,0.102,0.209,96.992,237507,4,"Hiphop","explicit",59,2016
196,"Everlong","Foo Fighters",16093,0.415,0.867,"B",-5.497000000000001,"minor",0.0387,5.6899999999999994e-05,0.000192,0.0883,0.36,157.90200000000004,249987,4,"Emo","not explicit",57,2009
189,"You Was Right","Lil Uzi Vert",19800,0.843,0.359,"C",-7.4170000000000025,"major",0.461,0.069,0.0,0.12,0.156,81.98700000000002,163944,4,"Rap","explicit",70,2016
114,"Congratulations","Post Malone",62103,0.33299999999999996,0.8590000000000001,"F♯",-2.286,"major",0.14800000000000002,0.0185,0.0,0.22,0.125,86.882,332530,4,"Hiphop","explicit",48,2009
190,"I Will Wait","Mumford & Sons",21105,0.45399999999999996,0.893,"A",-5.431,"major",0.0394,0.0121,0.0,0.10300000000000001,0.32899999999999996,124.429,258360,4,"Emo","not explicit",38,1998
189,"Uber Everywhere","MadeinTYO",131641,0.779,0.455,"C♯",-15.025,"major",0.28,0.0542,0.0,0.177,0.19699999999999998,140.181,153429,4,"Rap","explicit",60,2016
58,"Never Enough","Loren Allred",93147,0.507,0.988,"G",-3.877,"major",0.133,0.0658,0.006,0.33299999999999996,0.48200000000000004,100.74700000000001,268200,4,"Hiphop","not explicit",26,1990
138,"Let You Down","NF",54926,0.723,0.303,"B",-14.889000000000001,"minor",0.0473,0.7879999999999999,0.00704,0.0713,0.628,87.07799999999996,247400,4,"Pop","not explicit",38,1996
190,"When It Rains It Pours","Luke Combs",22514,0.5660000000000001,0.341,"F",-16.846,"minor",0.0723,0.36200000000000004,3.39e-05,0.11800000000000001,0.67,85.334,221533,4,"Hiphop","not explicit",20,1981
194,"Lights Down Low","MAX",20057,0.622,0.5710000000000001,"C",-5.337999999999999,"minor",0.0493,0.0458,0.0,0.122,0.635,81.059,225013,4,"Emo","not explicit",55,2016
55,"Saint","Huncho Jack",51474,0.866,0.648,"C♯",-3.675,"major",0.0543,0.009000000000000001,0.0,0.0967,0.0798,150.058,140793,4,"Hiphop","explicit",65,2017
91,"Respect","Aretha Franklin",36880,0.635,0.42200000000000004,"A",-14.265,"minor",0.0297,0.306,0.9520000000000001,0.146,0.155,125.715,265259,4,"Trap Metal","not explicit",0,2021
199,"m.A.A.d city","Kendrick Lamar",19340,0.48700000000000004,0.7290000000000001,"D",-6.815,"major",0.271,0.0538,4.07e-06,0.44,0.217,91.04799999999999,350120,4,"Hiphop","explicit",64,2012
199,"Get You (feat. Kali Uchis)","Daniel Caesar",21544,0.659,0.295,"B",-8.527999999999999,"minor",0.0322,0.426,6.95e-05,0.0795,0.36,74.03699999999998,277297,4,"Hiphop","not explicit",61,2016
183,"Best Part (feat. H.E.R.)","Daniel Caesar",20345,0.524,0.364,"G",-10.209,"major",0.0367,0.8079999999999999,0.0,0.1,0.436,75.24,209831,4,"RnB","not explicit",78,2017
199,"Side To Side","Ariana Grande",38983,0.65,0.736,"F♯",-5.84,"minor",0.22899999999999998,0.0528,0.0,0.235,0.613,159.173,226160,4,"Pop","explicit",74,2016
200,"In the Name of Love","Martin Garrix",33717,0.731,0.33799999999999997,"A♯",-12.499,"major",0.0523,0.764,0.898,0.293,0.525,92.516,327453,4,"Pop","not explicit",40,1985
185,"No Cap","Future",21896,0.9570000000000001,0.392,"F",-5.501,"major",0.146,0.225,8.03e-05,0.0905,0.605,130.05,90702,4,"Underground Rap","explicit",0,1941
186,"Weak","AJR",19432,0.6890000000000001,0.603,"F",-9.43,"major",0.0384,0.0601,0.0,0.0611,0.57,127.559,292240,4,"RnB","not explicit",54,2001
190,"Heaven","Kane Brown",184111,0.5539999999999999,0.371,"G",-9.104,"minor",0.0361,0.855,0.0,0.0838,0.245,199.828,191813,4,"RnB","not explicit",2,2021
110,"Can't Hold Us - feat. Ray Dalton","Macklemore & Ryan Lewis",62532,0.6409999999999999,0.922,"D",-4.457,"major",0.0786,0.0291,0.0,0.0862,0.847,146.078,258343,4,"Rap","not explicit",82,2012
162,"Renegade","Axwell /\ Ingrosso",42139,0.45299999999999996,0.672,"D",-13.044,"major",0.0462,0.0129,0.00763,0.183,0.521,120.929,366707,4,"Hiphop","not explicit",23,1970
137,"Just Dance","Lady Gaga",192517,0.674,0.5579999999999999,"C♯",-11.727,"minor",0.0384,0.00859,0.0635,0.266,0.7020000000000001,111.99,274339,4,"Pop","not explicit",0,2016
195,"Cold","Maroon 5",39376,0.439,0.9470000000000001,"G",-3.491,"major",0.122,0.006670000000000001,7.36e-06,0.364,0.6709999999999999,88.219,194560,4,"Rap","not explicit",37,2002
196,"Myself","NAV",20572,0.35700000000000004,0.5329999999999999,"B",-8.126,"major",0.0777,0.723,0.0,0.10099999999999999,0.318,138.086,222912,4,"Hiphop","not explicit",61,2018
181,"Santeria","Sublime",173077,0.6629999999999999,0.735,"C♯",-5.14,"minor",0.0395,0.0222,2.17e-06,0.124,0.5660000000000001,90.101,183173,4,"Hiphop","not explicit",36,1996
197,"everybody dies","J. Cole",14954,0.779,0.6940000000000001,"A",-9.376,"major",0.2,0.281,1.36e-05,0.109,0.569,82.861,161827,4,"Hiphop","explicit",60,2016
199,"YAH.","Kendrick Lamar",20268,0.67,0.7,"C♯",-7.893,"major",0.196,0.5760000000000001,5.34e-06,0.226,0.648,69.986,160293,4,"Hiphop","explicit",63,2017
146,"Somewhere I Belong","Linkin Park",47466,0.451,0.951,"C♯",-3.7539999999999996,"major",0.0645,0.00037999999999999997,2.39e-06,0.261,0.442,162.065,213933,4,"Emo","not explicit",55,2003
194,"Hear Me Now","Alok",38109,0.457,0.838,"G",-3.7939999999999996,"major",0.0348,0.0002,0.000102,0.888,0.359,85.98899999999998,214267,4,"Emo","not explicit",57,2011
176,"Come Over","Trey Songz",194983,0.534,0.563,"D",-8.975,"minor",0.0601,0.35600000000000004,1.37e-06,0.574,0.414,124.149,336413,3,"RnB","not explicit",37,1995
199,"No Money","Galantis",35115,0.6709999999999999,0.9159999999999999,"F♯",-4.013999999999999,"minor",0.0397,0.0282,0.00762,0.24,0.8029999999999999,126.01,189127,4,"Pop","not explicit",69,2016
195,"Look At Me!","XXXTENTACION",21736,0.763,0.726,"C♯",-6.405,"major",0.282,0.259,0.0,0.0976,0.349,139.059,126346,4,"Hiphop","explicit",65,2017
194,"Gassed Up","Nebu Kiniza",163809,0.7979999999999999,0.568,"F",-9.072000000000001,"minor",0.135,0.0213,0.0,0.0586,0.45,148.88,193911,3,"Underground Rap","explicit",72,2016
162,"Cut It (feat. Young Dolph)","O.T. Genasis",163667,0.875,0.6729999999999999,"G",-4.184,"major",0.0932,0.135,0.0,0.292,0.231,130.0,222600,4,"Underground Rap","explicit",60,2015
200,"Dreamer","Charli XCX",18729,0.44799999999999995,0.23800000000000002,"C",-21.636,"major",0.0346,0.878,0.872,0.131,0.516,129.287,251760,4,"Rap","not explicit",26,1974
199,"Stressed Out","Twenty One Pilots",42271,0.7340000000000001,0.637,"E",-5.6770000000000005,"minor",0.141,0.0462,2.2899999999999998e-05,0.0602,0.648,169.977,202333,4,"Hiphop","not explicit",83,2015
200,"DNA.","Kendrick Lamar",39058,0.638,0.523,"C♯",-6.664,"major",0.35700000000000004,0.00454,0.0,0.0842,0.42200000000000004,139.91299999999998,185947,4,"Hiphop","explicit",77,2017
97,"Redbone","Childish Gambino",34039,0.743,0.34700000000000003,"C♯",-11.174000000000001,"major",0.121,0.16699999999999998,0.00951,0.10300000000000001,0.5720000000000001,160.143,326933,4,"RnB","explicit",82,2016
199,"Both (feat. Drake)","Gucci Mane",18218,0.85,0.405,"G",-7.508999999999999,"minor",0.225,0.11900000000000001,0.000118,0.0707,0.344,139.976,190312,4,"Rap","explicit",68,2016
7,"No Limit","G-Eazy",118031,0.6459999999999999,0.6659999999999999,"C♯",-12.690999999999999,"major",0.0465,0.125,1.5399999999999998e-05,0.062,0.73,109.175,255827,4,"RnB","not explicit",31,1978
156,"Tunnel Vision","Kodak Black",25910,0.6629999999999999,0.9229999999999999,"C",-7.091,"major",0.04,0.0272,0.0015300000000000001,0.22399999999999998,0.924,115.736,259027,4,"Hiphop","not explicit",44,1995
190,"Solo","Future",17970,0.7509999999999999,0.642,"D♯",-5.165,"minor",0.087,0.0861,0.0,0.0953,0.38799999999999996,95.045,169567,4,"RnB","not explicit",73,2018
146,"Tightrope","Michelle Williams",53161,0.645,0.48,"E",-8.355,"major",0.0328,0.24,0.0191,0.0911,0.424,96.963,204747,4,"Trap Metal","not explicit",56,2021
149,"Motorcycle Patches","Huncho Jack",23745,0.868,0.657,"G♯",-4.853,"major",0.113,0.0158,0.0,0.0995,0.436,162.86700000000005,191410,4,"Rap","explicit",64,2017
154,"HUMBLE.","Kendrick Lamar",51504,0.9079999999999999,0.621,"C♯",-6.638,"minor",0.102,0.00028199999999999997,5.39e-05,0.0958,0.42100000000000004,150.011,177000,4,"Hiphop","explicit",82,2017
129,"Trouble","R3HAB",21722,0.6459999999999999,0.86,"G",-5.524,"major",0.0432,0.022000000000000002,0.0,0.091,0.8909999999999999,135.987,195265,4,"Emo","not explicit",0,2010
182,"Skateboard P (feat. Big Sean)","MadeinTYO",161890,0.831,0.47,"C♯",-7.48,"minor",0.425,0.0371,0.0,0.14400000000000002,0.33899999999999997,75.47399999999998,242307,4,"Hiphop","explicit",62,2017
177,"Ignition - Remix","R. Kelly",24631,0.778,0.5489999999999999,"C♯",-6.144,"major",0.0473,0.0549,0.0,0.0724,0.802,133.041,186040,4,"RnB","not explicit",62,2014
182,"Thrift Shop (feat. Wanz)","Macklemore & Ryan Lewis",169182,0.7809999999999999,0.526,"F♯",-6.9860000000000015,"minor",0.293,0.0633,0.0,0.0457,0.665,94.993,235613,4,"Hiphop","explicit",68,2012
176,"Lonely","NAV",19326,0.632,0.532,"B",-7.86,"major",0.0249,0.163,7.71e-06,0.114,0.614,90.064,237000,4,"Hiphop","not explicit",0,2020
161,"Best of You","Foo Fighters",38435,0.377,0.9420000000000001,"C♯",-4.543,"minor",0.07,0.0009199999999999999,8.88e-05,0.126,0.348,129.955,254973,4,"Emo","not explicit",57,2009
200,"XO TOUR Llif3","Lil Uzi Vert",40378,0.732,0.75,"B",-6.3660000000000005,"minor",0.231,0.00264,0.0,0.109,0.401,155.096,182707,4,"Hiphop","explicit",83,2017
180,"What I've Done","Linkin Park",37305,0.648,0.7829999999999999,"F",-5.14,"major",0.0276,0.00133,0.00112,0.102,0.27699999999999997,120.094,206000,4,"Emo","not explicit",0,2020
63,"It Wasn't Me","Shaggy",46821,0.851,0.621,"C",-4.184,"major",0.0675,0.0545,0.0,0.336,0.691,94.73899999999999,229195,4,"Hiphop","not explicit",11,2020
177,"Realize","2 Chainz",177434,0.693,0.594,"C♯",-6.4079999999999995,"major",0.0325,0.13,0.0,0.115,0.192,123.932,244107,4,"Dark Trap","not explicit",58,2007
183,"Hit","NAV",20874,0.527,0.8809999999999999,"C",-9.026,"major",0.036000000000000004,0.0497,0.000778,0.165,0.934,108.42399999999999,233787,4,"Underground Rap","not explicit",39,1992
189,"Mr. Brightside","The Killers",19277,0.44799999999999995,0.7020000000000001,"C♯",-6.9979999999999976,"major",0.028999999999999998,0.000331,0.0,0.12300000000000001,0.349,147.95,223000,4,"Emo","not explicit",0,2020
121,"Telephone","Lady Gaga",209865,0.8240000000000001,0.836,"D♯",-5.903,"major",0.0404,0.00521,0.000817,0.11199999999999999,0.716,122.014,220640,4,"Pop","not explicit",68,2009
126,"What If","Kevin Gates",252844,0.304,0.502,"F♯",-6.7070000000000025,"minor",0.035,0.313,0.0011,0.138,0.204,136.779,298520,4,"RnB","not explicit",55,2005
172,"Galway Girl","Ed Sheeran",41442,0.624,0.8759999999999999,"A",-3.3739999999999997,"major",0.1,0.0735,0.0,0.327,0.7809999999999999,99.943,170827,4,"Pop","not explicit",78,2017
174,"DEVASTATED","Joey Bada$$",21377,0.812,0.628,"A♯",-6.164,"minor",0.0682,0.0634,0.0,0.254,0.485,123.00399999999999,207059,4,"Hiphop","explicit",71,2017
198,"Ni**as In Paris","JAY Z",19898,0.757,0.882,"C♯",-6.125,"major",0.248,0.0763,0.0,0.251,0.684,140.047,219320,4,"Hiphop","explicit",58,2014
190,"Say A'","A Boogie Wit da Hoodie",20663,0.831,0.8140000000000001,"F",-5.18,"major",0.474,0.391,0.0,0.109,0.846,161.041,214854,4,"Rap","explicit",60,2017
128,"Firework","Katy Perry",206093,0.638,0.8320000000000001,"G♯",-5.039,"major",0.049,0.141,0.0,0.113,0.648,124.071,227893,4,"Pop","not explicit",49,2010
99,"Die For You","The Weeknd",33370,0.586,0.525,"C♯",-7.162999999999999,"minor",0.0615,0.111,0.0,0.134,0.508,133.629,260253,4,"RnB","not explicit",66,2016
154,"Light","San Holo",20424,0.22399999999999998,0.387,"C",-9.022,"major",0.0287,0.532,0.00548,0.0689,0.0395,104.566,262533,5,"Dark Trap","not explicit",59,2014
196,"This Town","Niall Horan",29569,0.679,0.40700000000000003,"A",-7.778,"major",0.0302,0.6990000000000001,0.0,0.122,0.195,111.814,232600,4,"Emo","not explicit",61,2016
183,"Whatever","DJ Khaled",21138,0.545,0.882,"F",-4.864,"major",0.11900000000000001,0.000169,0.0368,0.332,0.595,122.259,206200,4,"Dark Trap","explicit",57,1998
189,"Blackout","Julie Bergan",17426,0.257,0.945,"B",-6.4179999999999975,"major",0.10099999999999999,0.00856,0.35100000000000003,0.0597,0.044000000000000004,81.186,227160,4,"Underground Rap","not explicit",19,1983
194,"Yesterday","Imagine Dragons",168428,0.439,0.154,"A♯",-16.315,"major",0.0281,0.841,5.81e-06,0.141,0.327,82.58200000000002,130133,4,"Hiphop","not explicit",16,1966
200,"Roses","The Chainsmokers",26513,0.703,0.768,"C♯",-5.069,"major",0.0339,0.0339,1.3e-06,0.0328,0.7859999999999999,95.98299999999999,181674,4,"Hiphop","not explicit",66,2020
186,"Get It Together","Drake",36498,0.768,0.3670000000000001,"A",-9.979,"minor",0.0879,0.308,0.0,0.10400000000000001,0.436,97.01100000000001,294680,4,"RnB","not explicit",36,2002
194,"Kids","MGMT",18645,0.68,0.46799999999999997,"A",-11.128,"major",0.0947,0.0311,0.0,0.207,0.348,84.994,297933,4,"Underground Rap","explicit",50,2011
155,"Numb / Encore","JAY Z",46238,0.685,0.8029999999999999,"D",-4.251,"major",0.156,0.0601,0.0,0.546,0.799,107.005,205280,4,"Hiphop","explicit",69,2004
184,"Molly","Lil Pump",21373,0.831,0.7829999999999999,"F",-6.718999999999999,"major",0.0527,0.079,1.27e-06,0.35,0.7709999999999999,140.046,218440,4,"RnB","explicit",53,2013
197,"I Don't Fuck With You","Big Sean",128120,0.8240000000000001,0.733,"C♯",-5.474,"major",0.0613,0.0362,0.0,0.325,0.395,97.97200000000001,284387,4,"Hiphop","explicit",75,2015
197,"Gold Digger","Kanye West",22774,0.698,0.763,"G",-6.479,"major",0.193,0.0112,0.0,0.19,0.48100000000000004,92.43,208000,4,"Hiphop","not explicit",0,2020
190,"Coaster","Khalid",165032,0.441,0.21899999999999997,"G♯",-14.585999999999999,"major",0.0419,0.935,0.0,0.115,0.244,94.021,199120,4,"Emo","not explicit",75,2017
191,"Send My Love (To Your New Lover)","Adele",35652,0.688,0.5329999999999999,"F♯",-8.363,"minor",0.0865,0.0355,3.48e-06,0.172,0.5670000000000001,164.06900000000005,223079,4,"Pop","not explicit",69,2015
172,"Make Me (Cry)","Noah Cyrus",19452,0.588,0.47100000000000003,"C",-7.287000000000001,"major",0.0577,0.5920000000000001,0.00146,0.0733,0.209,152.881,242081,4,"Emo","not explicit",69,2016
155,"Palace","Sam Smith",24842,0.16699999999999998,0.883,"B",-7.775,"minor",0.0671,0.0004969999999999999,0.0012699999999999999,0.0788,0.31,159.917,209107,4,"Hiphop","not explicit",0,1993
196,"Sauce It Up","Lil Uzi Vert",23995,0.813,0.528,"F♯",-6.305,"minor",0.313,0.0715,0.0,0.125,0.131,79.532,207039,4,"Rap","explicit",69,2017
25,"MotorSport","Migos",72776,0.904,0.518,"D",-5.32,"major",0.183,0.0305,0.0,0.325,0.188,137.996,303077,4,"RnB","explicit",74,2018
191,"Look Alive","Rae Sremmurd",144431,0.7859999999999999,0.583,"C",-7.415,"major",0.0393,0.0552,1.84e-06,0.326,0.22899999999999998,120.024,228000,4,"RnB","explicit",60,2016
194,"Run","Foo Fighters",20323,0.585,0.521,"B",-6.6339999999999995,"major",0.0266,0.698,0.0,0.0936,0.7509999999999999,94.669,151000,4,"Hiphop","not explicit",11,1959
191,"True Colors","The Weeknd",17418,0.624,0.424,"C♯",-8.237,"major",0.24,0.28600000000000003,0.0,0.17300000000000001,0.584,76.671,206013,4,"RnB","not explicit",68,2016
47,"Too Good At Goodbyes","Sam Smith",125168,0.6809999999999999,0.3720000000000001,"F",-8.237,"major",0.0432,0.64,0.0,0.16899999999999998,0.47600000000000003,91.87299999999999,201000,4,"Emo","not explicit",74,2017
199,"Drowning","KREAM",18810,0.493,0.977,"D",-6.86,"major",0.147,0.0219,0.313,0.11,0.135,137.951,197391,4,"Dark Trap","not explicit",16,2020
192,"End of the World","Kelsea Ballerini",205964,0.498,0.754,"D",-4.8660000000000005,"major",0.0438,0.36,0.0,0.11900000000000001,0.39299999999999996,130.05700000000002,260427,4,"Emo","not explicit",0,2011
200,"Immortal","J. Cole",16865,0.581,0.925,"C",-1.99,"major",0.455,0.168,6.51e-06,0.49,0.515,84.921,301840,4,"Rap","explicit",54,2013
196,"For Real","Lil Uzi Vert",19925,0.7120000000000001,0.679,"B",-8.137,"major",0.247,0.0026899999999999997,0.0,0.196,0.491,170.076,330200,4,"Rap","explicit",32,1995
176,"All I Know","The Weeknd",17537,0.252,0.9129999999999999,"D",-5.807,"major",0.085,0.00126,0.0013800000000000002,0.11599999999999999,0.451,174.5,235013,4,"RnB","not explicit",34,1996
179,"Ave Maria","Michael Bublé",32053,0.204,0.157,"F",-12.147,"major",0.0327,0.956,0.0117,0.125,0.0668,80.574,240227,4,"RnB","not explicit",48,2011
159,"Living Single","Big Sean",185027,0.7140000000000001,0.62,"B",-5.045,"major",0.29600000000000004,0.223,0.0,0.109,0.73,80.109,276347,4,"Hiphop","explicit",68,2016
199,"Almost Home","Sultan + Shepard ",17775,0.525,0.48100000000000004,"G♯",-6.715,"major",0.0251,0.302,0.0,0.121,0.237,75.97399999999998,289000,5,"Dark Trap","not explicit",58,2003
182,"Let Me Love You","DJ Snake",44592,0.649,0.17,"A",-16.757,"major",0.0616,0.871,2.48e-06,0.41,0.345,106.99799999999999,186333,4,"Hiphop","not explicit",21,1963
127,"Closer","The Chainsmokers",58229,0.369,0.868,"B",-4.81,"major",0.0566,0.00118,0.0415,0.0901,0.76,166.021,208013,4,"Pop","not explicit",45,2008
194,"Awful Things","Lil Peep",21674,0.368,0.7959999999999999,"C♯",-4.923,"minor",0.0823,0.0157,0.0,0.0694,0.18100000000000002,170.033,214427,4,"Hiphop","explicit",74,2017
178,"wokeuplikethis*","Playboi Carti",23119,0.785,0.62,"G♯",-6.6670000000000025,"major",0.254,0.0138,0.0,0.15,0.478,78.477,235535,4,"Hiphop","explicit",74,2017
80,"Billie Jean","Michael Jackson",73219,0.513,0.625,"E",-4.822,"minor",0.0436,0.5920000000000001,3.9399999999999995e-05,0.12,0.408,137.863,281373,4,"Rap","not explicit",46,2007
173,"Be Yourself","Audioslave",39443,0.8540000000000001,0.733,"B",-5.919,"minor",0.17,0.23399999999999999,0.0775,0.11199999999999999,0.9620000000000001,124.368,249160,4,"Emo","not explicit",25,1982
78,"Slippery (feat. Gucci Mane)","Migos",39278,0.92,0.674,"C♯",-5.662000000000001,"minor",0.264,0.307,0.0,0.10400000000000001,0.741,141.967,304041,4,"Rap","explicit",72,2017
156,"The Scientist","Coldplay",50068,0.5720000000000001,0.419,"F",-7.9910000000000005,"major",0.024,0.737,1.4999999999999999e-05,0.11,0.209,146.409,311427,4,"Pop","not explicit",51,2002
186,"All We Got (feat. Kanye West & Chicago Children's Choir)","Chance The Rapper",18900,0.531,0.544,"C",-8.615,"minor",0.462,0.308,1.89e-06,0.0835,0.39799999999999996,131.921,203794,4,"Underground Rap","not explicit",60,2016
82,"Go Flex","Post Malone",37876,0.665,0.498,"F",-8.185,"major",0.0832,0.228,0.0,0.0757,0.127,81.96700000000001,179613,4,"Hiphop","explicit",78,2016
180,"Save That Shit","Lil Peep",23960,0.545,0.826,"C♯",-4.651,"major",0.0491,0.138,0.0,0.33799999999999997,0.48700000000000004,140.02,213238,4,"Hiphop","explicit",58,2012
149,"Born This Way","Lady Gaga",180380,0.586,0.8270000000000001,"B",-5.102,"major",0.15,0.0037,0.0,0.32799999999999996,0.508,123.905,260253,4,"Pop","not explicit",53,2011
173,"We Don't Talk Anymore (feat. Selena Gomez)","Charlie Puth",45736,0.728,0.563,"C♯",-8.052999999999999,"minor",0.134,0.621,0.0,0.179,0.35200000000000004,100.01700000000001,217707,4,"Pop","not explicit",68,2016
170,"Too Many Years","Kodak Black",19983,0.40299999999999997,0.264,"A",-20.088,"major",0.0659,0.6559999999999999,0.00735,0.23600000000000002,0.4,92.338,310453,4,"Hiphop","not explicit",0,2010
158,"Someone Like You","Adele",39437,0.4920000000000001,0.9840000000000001,"G♯",-3.1910000000000003,"major",0.0945,0.00023700000000000001,0.0353,0.33299999999999996,0.331,145.012,275968,4,"Emo","not explicit",54,2013
198,"My House","Flo Rida",15433,0.319,0.0986,"C♯",-19.954,"major",0.0332,0.5820000000000001,4.9000000000000005e-06,0.136,0.273,84.54,177160,4,"Pop","not explicit",25,1987
195,"Kiwi","Harry Styles",30142,0.375,0.93,"D",-2.6310000000000002,"major",0.0561,0.00064,0.0,0.318,0.491,147.124,176387,4,"Dark Trap","not explicit",79,2017
53,"Sober","G-Eazy",52463,0.598,0.754,"G",-2.6860000000000004,"major",0.0497,0.0026,0.0,0.261,0.7709999999999999,104.619,146133,4,"Hiphop","explicit",55,2015
193,"Gyalchester","Drake",22511,0.877,0.391,"C♯",-8.196,"major",0.063,0.0317,0.000502,0.0945,0.122,131.018,189230,4,"Rap","explicit",68,2017
185,"Whatever It Takes","Imagine Dragons",38547,0.439,0.8740000000000001,"C",-4.165,"major",0.0299,0.00571,0.0,0.17600000000000002,0.527,150.036,207240,4,"Underground Rap","not explicit",56,2007
156,"Home","Edward Sharpe & The Magnetic Zeros",21294,0.725,0.19899999999999998,"D",-12.478,"major",0.0357,0.982,0.00395,0.1,0.264,120.031,195359,3,"RnB","not explicit",77,2020
192,"The One","The Chainsmokers",34918,0.792,0.866,"F♯",-5.0889999999999995,"minor",0.0356,0.009170000000000001,5.99e-05,0.17800000000000002,0.18600000000000005,125.97200000000001,147615,4,"Hiphop","not explicit",0,2020
199,"Drugs","August Alsina",149475,0.584,0.204,"G",-18.617,"major",0.0345,0.185,0.644,0.545,0.32899999999999996,94.77799999999999,309987,4,"Hiphop","not explicit",26,1979
200,"The Greatest","Sia",35031,0.639,0.785,"A♯",-6.1670000000000025,"minor",0.174,0.0174,0.00107,0.0512,0.6859999999999999,191.95,210920,4,"Dark Trap","not explicit",66,2016
198,"PRBLMS","6LACK",21595,0.41700000000000004,0.58,"A",-4.574,"major",0.207,0.0307,1.45e-06,0.179,0.139,68.58,246773,4,"Hiphop","explicit",73,2016
181,"Royals","Lorde",18549,0.665,0.47600000000000003,"G",-8.477,"major",0.13699999999999998,0.113,0.0,0.33,0.385,84.881,189853,4,"Hiphop","not explicit",18,2020
108,"Sign of the Times","Harry Styles",63690,0.6990000000000001,0.68,"B",-8.228,"major",0.0599,0.22399999999999998,0.0,0.0529,0.857,113.889,174347,4,"Pop","not explicit",41,1981
179,"in my miNd","Maty Noyes",16705,0.616,0.457,"C",-6.761,"major",0.034,0.14800000000000002,0.0,0.125,0.20800000000000002,119.646,245947,4,"Dark Trap","not explicit",46,2006
190,"Bohemian Rhapsody","Queen",33050,0.447,0.0299,"C",-25.006999999999998,"minor",0.0367,0.982,0.841,0.0736,0.18600000000000005,70.893,274280,4,"Emo","not explicit",51,2009
197,"Keep On","Kehlani",150441,0.8440000000000001,0.716,"F♯",-8.082,"minor",0.0823,0.0349,6.7e-05,0.41200000000000003,0.835,116.73899999999999,401040,4,"Underground Rap","not explicit",29,1982
113,"Crawling","Linkin Park",54335,0.58,0.7020000000000001,"E",-5.565,"major",0.0337,0.0466,3.2e-06,0.536,0.299,105.07600000000001,208960,4,"Emo","not explicit",52,2000
174,"Lights Out","Virginia To Vegas",19317,0.611,0.603,"C",-7.468,"major",0.0269,0.0109,2.17e-06,0.332,0.466,125.88600000000001,206867,4,"Hiphop","not explicit",0,2020
176,"You Belong With Me","Taylor Swift",173760,0.687,0.7709999999999999,"F♯",-4.4239999999999995,"major",0.0384,0.16399999999999998,2.46e-05,0.11199999999999999,0.445,129.964,231147,4,"Emo","not explicit",56,2008
192,"Mask Off","Future",38491,0.833,0.434,"D",-8.795,"major",0.431,0.0102,0.0219,0.165,0.281,150.062,204600,4,"Hiphop","explicit",80,2017
184,"Angel","Fifth Harmony",41781,0.28800000000000003,0.752,"D♯",-5.942,"major",0.0338,0.0324,0.0,0.0802,0.39899999999999997,171.417,307373,4,"RnB","not explicit",31,1994
152,"Eclipse","Pink Floyd",40668,0.276,0.201,"D",-16.526,"major",0.0346,0.9520000000000001,0.0,0.0898,0.0989,161.053,239640,4,"Rap","not explicit",9,1960
127,"Naked","James Arthur",28163,0.529,0.607,"F♯",-6.7810000000000015,"major",0.0574,0.10400000000000001,0.0,0.0631,0.23800000000000002,101.96600000000001,234107,4,"Emo","not explicit",74,2017
195,"oui","Jeremih",143234,0.418,0.7240000000000001,"F",-3.7239999999999998,"major",0.0964,0.213,0.0,0.11199999999999999,0.604,78.521,238320,5,"RnB","not explicit",75,2015
79,"Fuck Love (feat. Trippie Redd)","XXXTENTACION",38411,0.797,0.5329999999999999,"C",-9.74,"minor",0.0412,0.0172,0.000152,0.10300000000000001,0.32899999999999996,131.036,146520,4,"Hiphop","explicit",83,2017
156,"Zombie","The Cranberries",24774,0.44799999999999995,0.826,"D",-3.2439999999999998,"minor",0.0319,0.007559999999999998,0.0,0.11699999999999999,0.19,77.093,254805,4,"Dark Trap","not explicit",65,2018
200,"Love Yourself","Justin Bieber",37107,0.759,0.401,"E",-8.999,"major",0.259,0.86,0.0,0.299,0.5760000000000001,100.126,232627,4,"Pop","not explicit",6,2021
179,"Magic","Thomas Gold",18844,0.73,0.7,"A",-8.648,"major",0.0344,0.0966,0.000144,0.114,0.961,117.63,239627,4,"Hiphop","not explicit",38,2002
158,"Papercut","Linkin Park",45743,0.524,0.9390000000000001,"A",-3.9939999999999998,"major",0.113,0.00022,0.0,0.623,0.6609999999999999,150.184,184867,4,"Emo","not explicit",44,2000
14,"Ric Flair Drip (& Metro Boomin)","Offset",92415,0.88,0.428,"A",-8.28,"major",0.20600000000000002,0.149,5.07e-05,0.114,0.33299999999999996,100.007,172800,4,"Hiphop","explicit",81,2017
135,"Magnolia","Playboi Carti",27502,0.63,0.764,"F♯",-5.5829999999999975,"minor",0.0299,0.113,0.0,0.0487,0.556,125.152,183400,4,"Rap","not explicit",24,1978
195,"Who Do You Love","Marianas Trench",17231,0.736,0.526,"F",-13.542,"major",0.027000000000000003,0.139,1.49e-05,0.0648,0.95,98.00399999999999,245853,4,"Emo","not explicit",20,1978
197,"Mama","Jonas Blue",40700,0.44,0.415,"C♯",-12.097000000000001,"minor",0.0468,0.6990000000000001,0.12,0.102,0.33299999999999996,76.637,423227,4,"Emo","not explicit",21,1973
180,"Biking","Frank Ocean",20865,0.6729999999999999,0.46299999999999997,"D",-7.247000000000001,"major",0.191,0.6809999999999999,4.9000000000000005e-06,0.0907,0.268,147.981,277521,4,"Hiphop","explicit",69,2017
109,"Déjà Vu","Katy Perry",57964,0.503,0.688,"F",-8.072000000000001,"major",0.0282,0.00121,0.0434,0.09699999999999999,0.273,122.07799999999999,267293,4,"Emo","not explicit",23,2007
200,"Hello","Adele",34759,0.8440000000000001,0.8640000000000001,"G",-4.4830000000000005,"minor",0.0348,0.0339,0.21600000000000005,0.386,0.7959999999999999,104.99700000000001,226308,4,"Underground Rap","not explicit",64,2014
140,"Relationship (feat. Future)","Young Thug",27182,0.8420000000000001,0.597,"D",-6.336,"major",0.0627,0.00252,0.0,0.124,0.298,145.99200000000005,215307,4,"RnB","explicit",74,2017
193,"Ordinary Life","The Weeknd",15794,0.537,0.5870000000000001,"G",-7.4860000000000015,"minor",0.0771,0.0275,0.0,0.0961,0.365,149.748,221920,4,"RnB","not explicit",65,2016
200,"When I Was Your Man","Bruno Mars",41494,0.612,0.28,"C",-8.648,"major",0.0434,0.932,0.0,0.08800000000000001,0.387,72.795,213827,4,"Pop","not explicit",83,2012
177,"Poles 1469","Trippie Redd",194786,0.741,0.7609999999999999,"E",-3.8710000000000004,"minor",0.0512,0.235,0.0,0.11900000000000001,0.217,81.543,149576,4,"Hiphop","explicit",66,2017
198,"Not Nice","PARTYNEXTDOOR",16288,0.598,0.496,"C",-9.309,"major",0.0804,0.0253,0.00132,0.12,0.725,128.06,202661,4,"Hiphop","not explicit",61,2016
187,"No Heart","21 Savage",20034,0.76,0.568,"A",-3.92,"major",0.0558,0.505,0.0,0.107,0.414,77.482,221419,4,"Rap","explicit",65,2019
185,"Still Here","Drake",19197,0.8340000000000001,0.433,"C",-9.607000000000001,"major",0.174,0.0258,0.0,0.633,0.22899999999999998,133.938,189853,3,"Underground Rap","explicit",62,2016
32,"Havana","Camila Cabello",149179,0.40299999999999997,0.32799999999999996,"C",-12.372,"minor",0.033,0.807,0.785,0.228,0.29100000000000004,113.075,440400,4,"Pop","not explicit",43,1996
193,"Mercy","Shawn Mendes",35838,0.7929999999999999,0.8590000000000001,"C",-3.7739999999999996,"major",0.0332,0.266,0.000356,0.133,0.9640000000000001,129.911,219920,4,"Pop","not explicit",56,2008
183,"Numb","Linkin Park",40555,0.528,0.341,"A♯",-18.143,"minor",0.0553,0.0121,0.9059999999999999,0.511,0.10800000000000001,180.453,259200,4,"Hiphop","not explicit",47,1993
175,"Dark Knight Dummo (Feat. Travis Scott)","Trippie Redd",24707,0.28,0.821,"G♯",-2.864,"minor",0.111,0.16699999999999998,0.0,0.139,0.254,181.44400000000002,256163,4,"Hiphop","explicit",69,2017
197,"Jocelyn Flores","XXXTENTACION",40729,0.872,0.391,"C",-9.144,"minor",0.242,0.469,4.13e-06,0.297,0.4370000000000001,134.02100000000002,119133,4,"Hiphop","explicit",87,2017
198,"Save Me","XXXTENTACION",19278,0.536,0.141,"B",-19.447,"minor",0.0389,0.846,0.00103,0.105,0.27699999999999997,121.815,218507,4,"Hiphop","not explicit",23,1976
144,"Intro","Big Sean",20373,0.22699999999999998,0.0872,"E",-20.558000000000003,"minor",0.0405,0.00026000000000000003,0.684,0.243,0.19,97.49600000000001,58747,4,"Hiphop","not explicit",0,2005
190,"On The Loose","Niall Horan",20248,0.595,0.747,"A♯",-12.899000000000001,"major",0.035,0.281,0.000662,0.175,0.655,134.916,253600,4,"Dark Trap","not explicit",39,1981
21,"Codeine Dreaming (feat. Lil Wayne)","Kodak Black",83574,0.736,0.604,"C♯",-7.357,"minor",0.222,0.0652,6.43e-05,0.124,0.574,155.007,264532,4,"RnB","explicit",67,2017
186,"Poker Face","Lady Gaga",30460,0.851,0.8059999999999999,"E",-4.62,"major",0.0787,0.11800000000000001,1.64e-06,0.121,0.787,118.999,237200,4,"Pop","not explicit",54,2009
193,"Passionfruit","Drake",39823,0.809,0.46299999999999997,"B",-11.377,"major",0.0396,0.256,0.085,0.109,0.364,111.98,298941,4,"Hiphop","explicit",79,2017
172,"Feels Like Summer","Weezer",182332,0.5539999999999999,0.596,"G",-8.214,"major",0.13,0.162,0.0048200000000000005,0.0805,0.255,165.72799999999995,297404,4,"Underground Rap","not explicit",71,2018
198,"Iris","The Goo Goo Dolls",18251,0.363,0.18600000000000005,"B",-20.125,"major",0.0301,0.0507,0.5710000000000001,0.25,0.0754,88.181,209360,4,"Pop","not explicit",30,1990
191,"FEAR.","Kendrick Lamar",19118,0.588,0.479,"C♯",-7.039,"major",0.281,0.604,7.200000000000001e-06,0.527,0.434,150.414,460573,4,"Rap","explicit",64,2017
191,"Horses (with PnB Rock, Kodak Black & A Boogie Wit da Hoodie)","PnB Rock",19452,0.703,0.6609999999999999,"F♯",-3.885,"major",0.0539,0.0517,0.0,0.34,0.495,149.906,249240,4,"RnB","explicit",67,2017
194,"FEEL.","Kendrick Lamar",19034,0.746,0.7979999999999999,"C",-8.382,"major",0.349,0.13699999999999998,0.0,0.139,0.5529999999999999,109.96799999999999,214827,4,"Rap","explicit",63,2017
175,"X","Lil Uzi Vert",23210,0.594,0.7490000000000001,"A",-5.297999999999999,"minor",0.055999999999999994,0.0338,0.00106,0.3,0.6940000000000001,179.968,172854,4,"Hiphop","not explicit",74,2019
193,"Zoom","Future",16527,0.637,0.516,"G♯",-6.0870000000000015,"major",0.0671,0.782,0.0,0.152,0.91,144.588,141000,4,"Underground Rap","not explicit",9,1957
146,"Champion","Fall Out Boy",210734,0.693,0.504,"F♯",-8.306000000000001,"major",0.23800000000000002,0.00299,0.0,0.695,0.723,102.139,167600,4,"Rap","explicit",65,2007
197,"The Hills","The Weeknd",15564,0.585,0.564,"C",-7.063,"minor",0.0515,0.0671,0.0,0.135,0.13699999999999998,113.00299999999999,242253,5,"Hiphop","explicit",84,2015
190,"One Dance","Drake",43871,0.792,0.625,"C♯",-5.609,"major",0.0536,0.007759999999999999,0.0018800000000000002,0.32899999999999996,0.37,103.96700000000001,173987,4,"Pop","not explicit",65,2016
43,"Bodak Yellow","Cardi B",60774,0.9259999999999999,0.703,"B",-6.3370000000000015,"minor",0.10300000000000001,0.0659,0.0,0.231,0.485,125.022,223713,4,"Hiphop","explicit",75,2018
199,"Sucker For Pain (with Wiz Khalifa, Imagine Dragons, Logic & Ty Dolla $ign feat. X Ambassadors)","Lil Wayne",27123,0.502,0.7859999999999999,"A",-4.378,"minor",0.317,0.255,0.0,0.65,0.7390000000000001,169.021,243491,4,"Underground Rap","explicit",63,2016
197,"Starving","Hailee Steinfeld",30871,0.728,0.616,"E",-4.238,"major",0.0645,0.37799999999999995,0.0,0.105,0.508,99.962,181880,4,"Pop","not explicit",76,2016
198,"Treat You Better","Shawn Mendes",35994,0.44299999999999995,0.82,"A♯",-4.091,"minor",0.34,0.107,0.0,0.107,0.7709999999999999,82.697,187973,3,"Pop","not explicit",26,2020
146,"My Dawg","Quality Control",242161,0.943,0.544,"A♯",-6.2920000000000025,"minor",0.0642,0.0336,0.0,0.0954,0.515,133.012,215423,4,"Underground Rap","explicit",60,2017
141,"How to Save a Life","The Fray",21971,0.64,0.743,"A♯",-4.08,"major",0.0379,0.26899999999999996,0.0,0.10099999999999999,0.361,122.035,262533,4,"Emo","not explicit",81,2005
88,"Stargazing","Kygo",70092,0.512,0.483,"C",-7.797999999999999,"major",0.0298,0.0030399999999999997,0.0011,0.12,0.3670000000000001,160.009,217027,4,"RnB","not explicit",76,2020
192,"Stronger","Kanye West",20006,0.564,0.892,"G♯",-3.653,"major",0.0401,0.0473,0.000343,0.41200000000000003,0.679,174.021,213887,4,"Hiphop","not explicit",49,2011
195,"Wet Dreamz","J. Cole",168328,0.517,0.705,"F♯",-8.205,"minor",0.364,0.0751,0.0,0.128,0.584,175.90599999999995,239320,4,"Hiphop","explicit",79,2014
199,"Stitches","Shawn Mendes",26780,0.462,0.915,"A♯",-5.733,"minor",0.0697,0.000674,0.163,0.145,0.615,97.325,198560,4,"Pop","not explicit",46,1998
118,"One Step Closer","Linkin Park",53192,0.4920000000000001,0.9690000000000001,"A",-4.419,"major",0.0491,0.0014,1.32e-06,0.0787,0.5379999999999999,95.13600000000001,157333,4,"Emo","not explicit",53,2000
195,"Glorious (feat. Skylar Grey)","Macklemore",39492,0.731,0.794,"C",-5.126,"minor",0.0522,0.0323,2.59e-05,0.11199999999999999,0.35600000000000004,139.994,220454,4,"Underground Rap","explicit",76,2017
198,"24K Magic","Bruno Mars",39274,0.818,0.8029999999999999,"C♯",-4.282,"major",0.0797,0.034,0.0,0.153,0.632,106.97,225983,4,"Pop","not explicit",78,2016
159,"Shadow Of The Day","Linkin Park",25584,0.534,0.39299999999999996,"B",-7.813,"major",0.0292,0.00479,0.0107,0.107,0.0641,110.007,290360,4,"Emo","not explicit",66,2007
196,"Young","The Chainsmokers",17745,0.522,0.9309999999999999,"C",-4.32,"minor",0.0885,0.00159,0.0,0.57,0.3670000000000001,134.10299999999998,196373,4,"Dark Trap","not explicit",51,2008
116,"Look What You Made Me Do","Taylor Swift",61249,0.7659999999999999,0.7090000000000001,"A",-6.471,"minor",0.12300000000000001,0.204,1.4099999999999999e-05,0.126,0.506,128.07,211853,4,"Pop","not explicit",75,2017
179,"Feel It","Young Thug",172893,0.499,0.0967,"D",-17.163,"minor",0.0338,0.915,2.53e-06,0.10300000000000001,0.203,74.168,182867,4,"Underground Rap","not explicit",36,1978
173,"Holiday","Calvin Harris",20266,0.721,0.726,"F",-4.935,"major",0.24,0.445,0.0,0.055999999999999994,0.769,106.262,213113,4,"Emo","not explicit",0,2020
193,"Neon Guts (feat. Pharrell Williams)","Lil Uzi Vert",21527,0.8590000000000001,0.563,"C♯",-6.635,"minor",0.11199999999999999,0.0541,0.0,0.0685,0.41200000000000003,119.934,258789,4,"Rap","explicit",66,2017
200,"Mistakes","Tove Styrke",185163,0.419,0.8340000000000001,"F",-6.5829999999999975,"major",0.0472,2.36e-05,0.5529999999999999,0.36,0.08900000000000001,125.56,358627,4,"Hiphop","not explicit",41,2000
200,"Swang","Rae Sremmurd",19514,0.741,0.514,"C♯",-6.856,"major",0.0524,0.0183,0.0578,0.0844,0.0513,142.914,218156,4,"Hiphop","explicit",8,1951
193,"Crazy","Lil Pump",18349,0.461,0.0262,"B",-23.805,"major",0.0368,0.539,0.00042199999999999996,0.111,0.28300000000000003,112.48899999999999,237427,4,"Hiphop","not explicit",23,1976
197,"Bad and Boujee (feat. Lil Uzi Vert)","Migos",32813,0.927,0.665,"B",-5.313,"major",0.244,0.061,0.0,0.12300000000000001,0.175,127.07600000000001,343150,4,"Rap","explicit",75,2017
197,"Bad Romance","Lady Gaga",31796,0.695,0.9209999999999999,"C",-3.752,"major",0.0363,0.00314,5.260000000000001e-05,0.0842,0.7140000000000001,119.007,294573,4,"Pop","explicit",18,2020
34,"Plain Jane","A$AP Ferg",67297,0.677,0.616,"D",-13.019,"major",0.0306,0.0404,1.76e-05,0.0704,0.8240000000000001,125.969,229267,4,"Hiphop","not explicit",25,1979
199,"Patty Cake","Kodak Black",153845,0.8059999999999999,0.77,"C♯",-6.4639999999999995,"minor",0.19,0.0252,0.0,0.0645,0.406,152.094,198110,4,"Underground Rap","explicit",64,2017
185,"Fake Love","Drake",29963,0.9279999999999999,0.48100000000000004,"A",-9.35,"minor",0.287,0.105,0.0,0.17600000000000002,0.613,134.007,210937,4,"Hiphop","explicit",74,2017
31,"LOVE. FEAT. ZACARI.","Kendrick Lamar",68895,0.8,0.585,"A♯",-7.343,"major",0.0924,0.264,0.0,0.153,0.779,126.05799999999999,213400,4,"RnB","explicit",78,2017
36,"This Is Me","Keala Settle",142751,0.42100000000000004,0.821,"C♯",-2.783,"major",0.0372,0.00971,0.0,0.1,0.594,91.245,189173,4,"Emo","not explicit",64,2008
161,"I Don't Care","NAV",20312,0.758,0.79,"F♯",-5.761,"minor",0.0279,0.3,0.0,0.337,0.9640000000000001,101.277,512940,4,"Rap","not explicit",36,1994
60,"Perfect Duet (Ed Sheeran & Beyoncé)","Ed Sheeran",90075,0.5870000000000001,0.299,"G♯",-7.365,"major",0.0263,0.779,0.0,0.12300000000000001,0.35600000000000004,94.992,259550,3,"Emo","not explicit",75,2017
147,"Cake","Flo Rida",23701,0.518,0.655,"G♯",-6.255,"major",0.0826,0.381,0.0,0.271,0.29,156.99200000000005,199682,5,"Underground Rap","not explicit",68,2015
28,"Bank Account","21 Savage",70690,0.884,0.34600000000000003,"G♯",-8.228,"minor",0.35100000000000003,0.0151,7.04e-06,0.0871,0.376,75.016,220307,4,"Hiphop","explicit",79,2017
199,"THat Part","ScHoolboy Q",16637,0.927,0.535,"F♯",-7.59,"minor",0.0911,0.0855,0.0,0.136,0.336,112.96,313573,4,"Hiphop","explicit",64,2016
190,"The Night We Met","Lord Huron",35922,0.545,0.366,"D",-9.51,"major",0.0378,0.9690000000000001,0.267,0.6409999999999999,0.1,86.99700000000001,208212,3,"Hiphop","not explicit",75,2015
189,"Why","Sabrina Carpenter",18280,0.633,0.557,"B",-4.917,"minor",0.203,0.16899999999999998,0.0,0.0671,0.623,89.67200000000004,171096,4,"Hiphop","not explicit",65,2017
195,"X (feat. Future)","21 Savage",22292,0.835,0.413,"C♯",-9.81,"major",0.396,0.373,0.00133,0.10099999999999999,0.111,149.004,258880,4,"Rap","explicit",72,2016
197,"Good Drank","2 Chainz",17454,0.836,0.7759999999999999,"E",-0.804,"minor",0.239,0.27399999999999997,0.0,0.113,0.37,130.033,222707,4,"Underground Rap","explicit",61,2017
196,"Kiss Me","Ed Sheeran",13859,0.475,0.898,"D♯",-4.776,"major",0.0442,0.00379,0.00108,0.08199999999999999,0.35100000000000003,100.12700000000001,199093,4,"Emo","not explicit",36,2003
157,"Bleed It Out","Linkin Park",46172,0.529,0.9670000000000001,"C♯",-3.647,"minor",0.0508,0.114,0.0,0.61,0.596,140.127,166373,4,"Emo","explicit",72,2007
195,"Issues","Julia Michaels",36588,0.722,0.41700000000000004,"G♯",-6.825,"major",0.0618,0.39,0.0,0.0612,0.451,113.965,176347,4,"Pop","not explicit",1,2021
155,"No Scrubs","TLC",201499,0.736,0.6659999999999999,"G♯",-4.268,"minor",0.0783,0.025,0.000666,0.0682,0.578,92.927,214440,4,"RnB","not explicit",45,1999
165,"Titanium (feat. Sia)","David Guetta",17634,0.604,0.7879999999999999,"C",-3.673,"minor",0.10300000000000001,0.0678,0.153,0.127,0.301,126.06,245040,4,"Pop","not explicit",61,2011
196,"Dive","Ed Sheeran",33929,0.3,0.985,"B",-6.843999999999999,"minor",0.113,0.00079,0.00321,0.0871,0.722,165.799,133440,4,"Dark Trap","not explicit",30,1980
176,"Exchange","Bryson Tiller",196763,0.705,0.21,"F",-14.007,"minor",0.0288,0.555,0.88,0.111,0.474,123.961,251200,4,"Hiphop","not explicit",49,1998
194,"Change","J. Cole",15583,0.5479999999999999,0.7559999999999999,"F",-4.175,"major",0.036000000000000004,0.00471,0.0,0.11699999999999999,0.22399999999999998,96.038,281053,4,"Hiphop","not explicit",45,2008
194,"Stay With Me","Sam Smith",36723,0.504,0.787,"A",-6.6270000000000024,"major",0.0306,0.138,0.0,0.0497,0.7759999999999999,154.748,212000,4,"Pop","not explicit",21,1975
167,"Hard Times","Paramore",37906,0.456,0.945,"F",-11.383,"major",0.0722,0.00144,0.006940000000000001,0.18600000000000005,0.0974,106.76,100440,4,"Emo","not explicit",25,1986
199,"My Shit","A Boogie Wit da Hoodie",167715,0.812,0.621,"F",-8.3,"major",0.0515,0.244,0.0,0.099,0.847,77.998,128157,4,"Rap","explicit",69,2016
158,"Scars","Sam Smith",24659,0.41700000000000004,0.524,"A♯",-6.6,"major",0.0326,0.048,0.0,0.10300000000000001,0.152,75.266,238307,4,"Emo","not explicit",62,2018
199,"Sugar, We're Goin Down","Fall Out Boy",167766,0.494,0.8420000000000001,"G",-4.784,"major",0.0843,0.00579,0.0,0.122,0.574,162.011,229093,4,"Emo","not explicit",78,2005
184,"Yeah Right","Vince Staples",172394,0.316,0.9840000000000001,"G",-6.187,"major",0.131,0.0073599999999999985,1.93e-05,0.0955,0.304,76.819,173507,4,"Hiphop","not explicit",0,2012
192,"1-800-273-8255","Logic",43621,0.62,0.574,"F",-7.7879999999999985,"minor",0.0479,0.569,0.0,0.19,0.35700000000000004,100.023,250173,4,"Pop","explicit",79,2017
152,"Looking for a Star","XXXTENTACION",215162,0.915,0.6920000000000001,"A",-7.544,"major",0.0857,0.15,0.00011999999999999999,0.0964,0.713,118.98100000000001,137174,4,"Hiphop","explicit",65,2017
141,"Silence","Marshmello",53720,0.7040000000000001,0.865,"D",-7.99,"major",0.0397,0.0122,0.475,0.0889,0.0927,125.00299999999999,314885,4,"Emo","not explicit",0,2020
85,"Dubai Shit","Huncho Jack",37234,0.774,0.529,"F",-4.479,"minor",0.0532,0.0674,0.0,0.0814,0.22699999999999998,138.072,228431,4,"Rap","explicit",64,2017
199,"The Race","Tay-K",19571,0.871,0.647,"B",-14.025,"minor",0.1,0.185,0.15,0.105,0.273,119.585,200151,4,"RnB","not explicit",50,1992
195,"What They Want","Russ",21845,0.71,0.40399999999999997,"C♯",-10.04,"minor",0.379,0.484,0.0,0.0953,0.39799999999999996,139.553,165853,4,"Rap","explicit",74,2017
173,"Love Again","Hedley",21796,0.58,0.33,"G",-14.321,"major",0.027999999999999997,0.927,0.000149,0.20600000000000002,0.40299999999999997,105.10700000000001,172240,4,"RnB","not explicit",39,1986
147,"It's A Vibe","2 Chainz",26506,0.8220000000000001,0.502,"G",-7.38,"major",0.14800000000000002,0.0312,0.0008869999999999998,0.114,0.525,73.003,210200,4,"RnB","explicit",74,2017
161,"Up All Night","Beck",218038,0.484,0.963,"G♯",-3.8080000000000003,"minor",0.063,0.000531,0.00039,0.294,0.484,96.94200000000001,213667,4,"RnB","not explicit",47,2008
193,"Dead Inside (Interlude)","XXXTENTACION",19881,0.461,0.0279,"C",-21.991999999999997,"major",0.0412,0.973,0.0022600000000000003,0.16899999999999998,0.354,88.38799999999998,86827,4,"Hiphop","explicit",65,2017
199,"Something New (feat. Ty Dolla $ign)","Wiz Khalifa",19673,0.8140000000000001,0.635,"G",-6.609,"minor",0.0809,0.0935,0.0,0.0892,0.784,87.581,200774,4,"Hiphop","explicit",67,2018
199,"Come and See Me (feat. Drake)","PARTYNEXTDOOR",18524,0.7170000000000001,0.34700000000000003,"B",-10.265,"minor",0.0636,0.0511,2.43e-06,0.087,0.0589,84.98700000000002,235477,4,"RnB","explicit",73,2016
200,"All Night (feat. Knox Fortune)","Chance The Rapper",18827,0.7040000000000001,0.777,"D",-5.729,"major",0.195,0.0358,0.0,0.151,0.392,111.921,141542,4,"Hiphop","explicit",66,2016
136,"Love Scars","Trippie Redd",236206,0.659,0.614,"A",-7.32,"minor",0.0541,0.000404,0.0,0.12300000000000001,0.26,119.405,143969,4,"Hiphop","explicit",74,2017
105,"Breaking The Habit","Linkin Park",35919,0.579,0.8490000000000001,"E",-5.218,"minor",0.0303,0.10800000000000001,0.0,0.0909,0.581,100.021,196907,4,"Emo","not explicit",57,2003
182,"Changes","Hazers",18846,0.532,0.616,"B",-13.753,"minor",0.0303,0.209,0.747,0.172,0.728,108.807,229973,4,"Hiphop","not explicit",19,1974
191,"You Got It","Bryson Tiller",19084,0.747,0.669,"C",-12.648,"major",0.0372,0.46399999999999997,0.0111,0.0843,0.8220000000000001,125.762,216200,4,"RnB","not explicit",19,1974
200,"Controlla","Drake",19217,0.611,0.46799999999999997,"A♯",-11.084000000000001,"minor",0.179,0.0781,0.0,0.10099999999999999,0.349,92.09200000000001,245227,4,"RnB","explicit",57,2016
170,"Escape","Kehlani",166284,0.645,0.912,"B",-5.454,"minor",0.0852,0.0135,0.0,0.297,0.695,125.309,207667,4,"Dark Trap","not explicit",28,1975
197,"The Motto","Drake",17734,0.7659999999999999,0.442,"C♯",-8.558,"major",0.35600000000000004,0.00010700000000000001,6.12e-05,0.111,0.39,201.8,181573,4,"Underground Rap","explicit",72,2011
199,"Sacrifices","Drake",19259,0.903,0.439,"G♯",-11.812999999999999,"major",0.397,0.0407,0.0,0.138,0.532,139.112,307593,4,"RnB","explicit",61,2017
197,"PILLOWTALK","ZAYN",28504,0.588,0.7020000000000001,"B",-4.271,"major",0.0496,0.10400000000000001,0.0,0.08900000000000001,0.429,124.90899999999999,203686,4,"Pop","explicit",17,2017
125,"Cool Girl","Tove Lo",43357,0.674,0.6940000000000001,"A",-7.0760000000000005,"minor",0.109,0.313,7.17e-06,0.0752,0.203,101.993,199179,4,"Pop","explicit",64,2016
186,"Nightmare","Offset",20665,0.254,0.884,"E",-8.945,"minor",0.0728,0.000176,0.7509999999999999,0.75,0.402,128.906,381173,4,"Pop","not explicit",31,1984
8,"All The Stars (with SZA)","Kendrick Lamar",111633,0.698,0.633,"G♯",-4.9460000000000015,"major",0.0597,0.0605,0.000194,0.0926,0.552,96.92399999999999,232187,4,"RnB","explicit",80,2018
136,"There's Nothing Holdin' Me Back","Shawn Mendes",55376,0.866,0.8109999999999999,"B",-4.063,"minor",0.0553,0.375,0.0,0.078,0.9690000000000001,121.995,199440,4,"Pop","not explicit",12,2020
187,"TiK ToK","Kesha",19223,0.758,0.838,"D",-2.713,"minor",0.122,0.0992,0.0,0.28800000000000003,0.711,120.029,199693,4,"Pop","not explicit",36,2018
184,"Shake It Off","Taylor Swift",21802,0.647,0.8,"G",-5.3839999999999995,"major",0.165,0.0647,0.0,0.33399999999999996,0.9420000000000001,160.078,219200,4,"Pop","not explicit",61,2014
199,"Glitter","Tyler, The Creator",161577,0.8009999999999999,0.589,"G",-5.157,"major",0.0485,0.0863,0.0,0.162,0.58,116.934,180147,5,"Hiphop","not explicit",73,2019
194,"Untouchable","Eminem",28170,0.768,0.79,"C♯",-5.091,"major",0.191,0.0754,1.79e-06,0.13,0.39799999999999996,84.95,180706,5,"Hiphop","explicit",59,2017
162,"Believe","Eminem",25330,0.648,0.561,"C",-7.874,"major",0.0532,0.541,0.0,0.157,0.512,172.06400000000005,204320,4,"Pop","explicit",48,2012
179,"First Day Out","Tee Grizzley",194222,0.5870000000000001,0.711,"C♯",-6.33,"major",0.42,0.171,0.0,0.125,0.381,98.008,254694,4,"RnB","explicit",72,2017
195,"Childs Play","Drake",129911,0.746,0.475,"A♯",-11.243,"minor",0.113,0.0175,1.1e-05,0.19699999999999998,0.292,80.006,241400,4,"Hiphop","explicit",64,2016
199,"All of Me","John Legend",37114,0.311,0.20600000000000002,"C",-13.651,"major",0.0308,0.9129999999999999,0.00551,0.191,0.0952,77.87100000000002,189133,4,"Pop","not explicit",25,1986
76,"Wait","Maroon 5",40040,0.633,0.5329999999999999,"G♯",-9.462,"major",0.024,0.40700000000000003,0.000317,0.149,0.221,98.959,249640,4,"Hiphop","not explicit",30,1993
199,"The A Team","Ed Sheeran",16277,0.642,0.289,"A",-9.918,"major",0.0367,0.669,0.0,0.18,0.40700000000000003,84.99600000000002,258373,4,"Emo","not explicit",65,2011
194,"Not Today","BTS",16730,0.594,0.946,"G♯",-3.408,"major",0.126,0.0018100000000000002,1.04e-06,0.9229999999999999,0.665,110.024,231860,3,"Underground Rap","not explicit",70,2017
155,"Bounce Back","Big Sean",25919,0.785,0.575,"C♯",-5.627999999999999,"minor",0.133,0.105,0.0,0.129,0.272,81.529,222360,4,"Hiphop","explicit",3,2021
197,"Let It Go","James Bay",19396,0.684,0.53,"G♯",-5.297999999999999,"minor",0.28600000000000003,0.0035299999999999997,0.0,0.573,0.55,157.017,150410,4,"RnB","explicit",61,2017
200,"CAN'T STOP THE FEELING! (Original Song from DreamWorks Animation's ""TROLLS"")","Justin Timberlake",34801,0.669,0.8320000000000001,"C",-5.72,"major",0.0682,0.0106,0.0,0.0968,0.7,113.035,237547,4,"Pop","not explicit",72,2016
17,"New Rules","Dua Lipa",203156,0.762,0.7,"A",-6.021,"minor",0.0694,0.0026100000000000003,1.56e-05,0.153,0.608,116.073,209320,4,"Pop","not explicit",80,2017
181,"Phases","ALMA",22191,0.77,0.636,"B",-6.724,"minor",0.131,0.16899999999999998,0.0,0.0676,0.4920000000000001,105.93,215760,4,"RnB","explicit",74,2019
60,"Ghostface Killers","21 Savage",48300,0.782,0.436,"D",-7.0329999999999995,"major",0.155,0.331,1.3000000000000001e-05,0.342,0.243,82.994,268933,4,"Hiphop","explicit",71,2017
199,"Beast Mode (feat. PnB Rock & YoungBoy Never Broke Again)","A Boogie Wit da Hoodie",21402,0.611,0.478,"C",-5.8389999999999995,"major",0.107,0.035,0.0,0.107,0.138,172.076,258158,4,"Rap","explicit",62,2017
132,"Young Dumb & Broke","Khalid",55746,0.7979999999999999,0.539,"C♯",-6.351,"major",0.0421,0.19899999999999998,1.66e-05,0.165,0.39399999999999996,136.94899999999998,202547,4,"Underground Rap","not explicit",80,2017
107,"Come Alive","Hugh Jackman",63948,0.389,0.612,"E",-6.392,"major",0.0355,0.0015400000000000001,1.0300000000000001e-05,0.11599999999999999,0.16,138.351,310600,4,"Hiphop","not explicit",53,2007
175,"U Said","Lil Peep",23274,0.265,0.8270000000000001,"G",-4.6610000000000005,"major",0.10400000000000001,0.0434,0.0,0.11699999999999999,0.131,82.03200000000002,224053,4,"Hiphop","explicit",72,2017
196,"Pop Style","Drake",16690,0.713,0.462,"G",-10.027000000000001,"major",0.12300000000000001,0.192,2.16e-06,0.105,0.0594,133.053,212947,4,"Underground Rap","explicit",63,2016
193,"Heathens","Twenty One Pilots",32080,0.732,0.396,"E",-9.347999999999999,"minor",0.0286,0.0841,3.5799999999999996e-05,0.105,0.5479999999999999,90.024,195920,4,"Pop","not explicit",81,2016
96,"No","Alejandro Fernandez",70363,0.557,0.8009999999999999,"C♯",-3.602,"minor",0.218,0.0125,1.66e-06,0.737,0.654,92.135,213507,4,"Pop","not explicit",71,2017
193,"Touch","Little Mix",39355,0.606,0.718,"E",-4.093999999999999,"major",0.0978,0.032,0.0,0.402,0.551,101.821,213307,4,"Dark Trap","not explicit",68,2016
199,"Obsession","Hedley",21328,0.6729999999999999,0.613,"G",-11.997,"major",0.0799,0.00436,0.36200000000000004,0.608,0.415,114.74799999999999,337267,4,"Trap Metal","not explicit",49,1996
172,"Breathe","Astrid S",20668,0.746,0.486,"A♯",-7.004,"major",0.0344,0.222,1.38e-06,0.12300000000000001,0.41700000000000004,92.01799999999999,233228,3,"Underground Rap","not explicit",10,2020
193,"Nobody Else But You","Trey Songz",167052,0.708,0.612,"F",-6.379,"minor",0.122,0.0381,0.0,0.27699999999999997,0.263,139.91299999999998,229013,4,"RnB","not explicit",61,2017
167,"Faint","Linkin Park",44187,0.5539999999999999,0.978,"E",-3.554,"major",0.131,0.111,0.0,0.0731,0.594,135.095,162600,4,"Emo","not explicit",55,2003
199,"Famous","21 Savage",18946,0.406,0.932,"F♯",-3.386,"minor",0.0936,6.13e-05,0.0,0.053,0.29,130.084,196293,4,"Hiphop","explicit",52,2007
190,"Father Stretch My Hands Pt. 1","Kanye West",157897,0.7240000000000001,0.573,"G",-4.113,"major",0.0549,0.11800000000000001,0.0,0.5379999999999999,0.43799999999999994,113.088,135920,4,"Hiphop","explicit",76,2016
168,"Dance With The Devil","Gucci Mane",174238,0.6659999999999999,0.871,"C♯",-5.7810000000000015,"minor",0.41600000000000004,0.435,0.0,0.47700000000000004,0.237,89.20700000000002,579293,4,"Hiphop","explicit",57,2001
193,"Sunset Lover","Petit Biscuit",18157,0.7829999999999999,0.467,"F♯",-9.474,"major",0.0503,0.7290000000000001,0.809,0.109,0.23600000000000002,90.838,237793,4,"Emo","not explicit",74,2015
173,"What About Us","P!nk",44648,0.499,0.937,"F",-6.278,"minor",0.068,0.000384,0.0262,0.664,0.53,131.954,198880,3,"Emo","not explicit",27,2020
189,"No Problem (feat. Lil Wayne & 2 Chainz)","Chance The Rapper",19654,0.652,0.795,"B",-5.192,"minor",0.174,0.156,0.0,0.12300000000000001,0.7879999999999999,135.018,304607,4,"Hiphop","explicit",70,2016
166,"Halo","Beyoncé",22862,0.575,0.985,"D",-1.038,"minor",0.0743,0.0399,0.0,0.166,0.47600000000000003,116.01100000000001,177960,4,"RnB","not explicit",53,2013
199,"Party In The U.S.A.","Miley Cyrus",16280,0.652,0.698,"A♯",-4.667,"minor",0.042,0.00112,0.00011499999999999999,0.0886,0.47,96.021,202067,4,"Pop","not explicit",72,2009
132,"Gorgeous","Taylor Swift",49462,0.833,0.545,"D",-4.004,"minor",0.462,0.35200000000000004,0.0,0.0915,0.541,77.035,148494,4,"Hiphop","explicit",66,2017
185,"Dreams","ZHU",170557,0.529,0.7,"A",-4.669,"major",0.0315,0.149,0.0,0.32,0.807,131.092,210573,4,"Underground Rap","not explicit",20,1980
120,"That's My N**** (with Meek Mill, YG & Snoop Dogg)","Meek Mill",29516,0.723,0.732,"B",-5.513999999999999,"major",0.0864,0.11,0.0,0.484,0.503,104.991,199747,4,"Hiphop","explicit",72,2017
181,"Bad Blood","Taylor Swift",169950,0.6459999999999999,0.794,"G",-6.104,"major",0.19,0.0885,6.16e-06,0.201,0.287,170.21599999999995,211933,4,"Pop","not explicit",53,2014
199,"Caroline","Aminé",18042,0.529,0.6409999999999999,"D",-3.467,"major",0.0386,0.987,0.0161,0.359,0.809,107.595,182600,4,"Hiphop","not explicit",0,1940
200,"Carry On","XXXTENTACION",20732,0.7290000000000001,0.753,"G",-7.7620000000000005,"major",0.064,0.0672,0.0145,0.0668,0.46799999999999997,118.874,256333,4,"Hiphop","not explicit",37,1992
197,"Needed Me","Rihanna",18791,0.6709999999999999,0.314,"F",-8.091000000000001,"minor",0.244,0.11,0.0,0.0825,0.29600000000000004,110.898,191600,4,"Hiphop","explicit",79,2016
188,"Me You","Russ",19331,0.7020000000000001,0.762,"G♯",-2.733,"major",0.0328,0.00196,0.00045099999999999996,0.142,0.233,95.01899999999999,164200,4,"Rap","explicit",62,2017
194,"Beamer Boy","Lil Peep",180796,0.743,0.732,"G♯",-4.511,"major",0.10400000000000001,0.0509,1.77e-05,0.22699999999999998,0.33899999999999997,123.994,203373,4,"Hiphop","explicit",79,2017
196,"Luna","Zoé",35251,0.79,0.496,"E",-13.679,"minor",0.0411,0.071,0.897,0.132,0.35600000000000004,112.00299999999999,534913,4,"Dark Trap","not explicit",3,2020
182,"HUMBLE. - SKRILLEX REMIX","Skrillex",22325,0.9009999999999999,0.934,"B",-2.345,"major",0.273,0.007940000000000001,7.68e-05,0.19399999999999998,0.868,150.037,156800,4,"RnB","explicit",72,2017
123,"Something Just Like This","The Chainsmokers",58791,0.617,0.635,"B",-6.769,"minor",0.0317,0.0498,1.4400000000000001e-05,0.16399999999999998,0.446,103.01899999999999,247160,4,"Pop","not explicit",82,2017
178,"Body","Sean Paul",20455,0.8109999999999999,0.764,"F",-8.834,"major",0.0495,0.247,2.36e-05,0.138,0.677,123.58,306360,4,"RnB","not explicit",28,1984
193,"Somebody Else","VÉRITÉ",17766,0.61,0.7879999999999999,"C",-5.724,"major",0.0585,0.195,0.0142,0.153,0.47200000000000003,101.045,347520,4,"RnB","explicit",74,2016
184,"Love Me Like You Do - From ""Fifty Shades Of Grey""","Ellie Goulding",18956,0.258,0.659,"F",-5.903,"minor",0.0596,0.253,0.0,0.111,0.272,189.558,250267,4,"Pop","not explicit",61,2015
200,"Lush Life","Zara Larsson",18879,0.34299999999999997,0.171,"A",-18.236,"major",0.0449,0.8240000000000001,0.0158,0.105,0.127,68.145,100373,4,"Pop","not explicit",11,1960
199,"Sorry","Justin Bieber",37659,0.57,0.5720000000000001,"C♯",-10.218,"major",0.102,0.0206,0.0448,0.12,0.285,114.88799999999999,215118,4,"Hiphop","not explicit",0,2020
136,"Shook Ones, Pt. II","Mobb Deep",24611,0.763,0.7859999999999999,"A♯",-6.472,"minor",0.22899999999999998,0.0146,0.0114,0.0817,0.504,93.85700000000001,325507,4,"Hiphop","explicit",74,1995
128,"Radioactive","Imagine Dragons",23977,0.44799999999999995,0.784,"A",-3.6860000000000004,"major",0.0627,0.106,0.00010800000000000001,0.6679999999999999,0.23600000000000002,136.245,186813,4,"Pop","not explicit",60,2012
193,"Smoke Break (feat. Future)","Chance The Rapper",169671,0.705,0.45299999999999996,"D♯",-8.174,"major",0.196,0.257,0.0,0.14300000000000002,0.28300000000000003,124.94200000000001,226494,4,"Underground Rap","explicit",61,2016
197,"Love On The Brain","Rihanna",33981,0.509,0.637,"E",-4.83,"minor",0.0471,0.0717,1.0800000000000003e-05,0.0789,0.37799999999999995,172.00599999999997,224000,3,"RnB","explicit",80,2016
194,"No Smoke","YoungBoy Never Broke Again",192117,0.6579999999999999,0.736,"A",-6.097,"minor",0.308,0.113,0.0,0.0978,0.804,143.966,160000,4,"Underground Rap","explicit",64,2017
190,"Can't Feel My Face","The Weeknd",34706,0.705,0.769,"A",-5.526,"minor",0.0425,0.113,0.0,0.105,0.583,107.949,213520,4,"Pop","not explicit",78,2015
133,"Ambitionz Az A Ridah","2Pac",214596,0.8009999999999999,0.9079999999999999,"D",-6.553999999999999,"major",0.221,0.00253,0.000655,0.0698,0.805,87.279,278387,4,"Hiphop","explicit",78,1996
94,"Roll In Peace (feat. XXXTENTACION)","Kodak Black",34757,0.747,0.524,"A♯",-6.807,"minor",0.245,0.0306,0.0,0.2,0.363,140.053,213132,4,"Hiphop","explicit",76,2017
186,"Sidewalks","The Weeknd",17668,0.418,0.7979999999999999,"C♯",-5.421,"minor",0.0413,0.381,0.0,0.0918,0.151,100.10700000000001,214707,4,"Hiphop","not explicit",45,2003
159,"Transportin'","Kodak Black",25725,0.804,0.66,"A♯",-4.86,"minor",0.0726,0.0319,0.0,0.10300000000000001,0.257,94.053,169345,4,"RnB","explicit",71,2017
153,"Switch","Iggy Azalea",43907,0.902,0.552,"F♯",-10.857999999999999,"major",0.23399999999999999,0.022000000000000002,0.0005679999999999999,0.105,0.6970000000000001,90.88,210533,4,"Hiphop","not explicit",35,1994
129,"Thinking Out Loud","Ed Sheeran",57633,0.7809999999999999,0.445,"D",-6.061,"major",0.0295,0.474,0.0,0.184,0.591,78.998,281560,4,"Pop","not explicit",83,2014
199,"Panda","Desiigner",36163,0.5760000000000001,0.7659999999999999,"A♯",-4.9430000000000005,"minor",0.449,0.0278,1.71e-06,0.366,0.23600000000000002,144.836,246761,4,"RnB","explicit",39,2020
192,"Feels Great (feat. Fetty Wap & CVBZ)","Cheat Codes",22538,0.522,0.833,"C",-3.715,"major",0.0575,0.0454,0.0,0.127,0.29600000000000004,180.00900000000001,193569,4,"Underground Rap","explicit",60,2017
128,"679 (feat. Remy Boyz)","Fetty Wap",21142,0.618,0.7170000000000001,"G",-5.7379999999999995,"major",0.318,0.00256,0.0,0.625,0.603,190.05,196693,4,"Hiphop","explicit",76,2015
197,"Everybody Dies In Their Nightmares","XXXTENTACION",22216,0.7340000000000001,0.57,"G",-7.066,"minor",0.133,0.847,2.14e-05,0.11199999999999999,0.6890000000000001,129.953,95467,4,"Hiphop","explicit",85,2017
199,"Please Don't Go","Joel Adams",14087,0.7070000000000001,0.8420000000000001,"D♯",-11.831,"major",0.0405,0.0613,6.72e-06,0.0297,0.4920000000000001,120.012,200000,4,"Emo","not explicit",59,1992
179,"Problems","Petit Biscuit",22982,0.72,0.6579999999999999,"D",-7.414,"major",0.0446,0.0329,0.0302,0.12300000000000001,0.134,98.001,171898,4,"Trap Metal","not explicit",66,2019
92,"New Freezer (feat. Kendrick Lamar)","Rich The Kid",34985,0.884,0.698,"C",-9.101,"major",0.364,0.0405,0.0,0.195,0.575,140.06799999999998,191938,4,"RnB","explicit",66,2018
199,"4 AM","2 Chainz",20510,0.7959999999999999,0.5,"C♯",-7.21,"major",0.425,0.11800000000000001,0.0,0.155,0.22699999999999998,75.012,255560,4,"RnB","explicit",68,2017
157,"I Love You","Axwell /\ Ingrosso",193995,0.69,0.42,"A",-11.068,"major",0.0304,0.9079999999999999,0.14800000000000002,0.0945,0.688,124.93299999999999,114739,4,"RnB","not explicit",0,2018
158,"Honest","The Chainsmokers",22857,0.6759999999999999,0.536,"D",-8.79,"major",0.0432,0.40299999999999997,3.37e-05,0.105,0.373,79.03699999999998,172672,4,"Hiphop","explicit",71,2019
185,"Better","Lil Yachty",19478,0.691,0.41,"D",-7.135,"major",0.245,0.353,0.0,0.131,0.0904,84.632,174520,4,"RnB","not explicit",55,2021
181,"Faded","Alan Walker",44644,0.46799999999999997,0.627,"F♯",-5.085,"major",0.0476,0.0281,7.97e-06,0.11,0.159,179.642,212107,4,"Hiphop","not explicit",79,2018
194,"Good Riddance (Time of Your Life)","Green Day",17623,0.475,0.4320000000000001,"G",-7.8439999999999985,"major",0.0302,0.183,0.0,0.161,0.648,94.605,153467,4,"Emo","explicit",44,2001
195,"My Way","Calvin Harris",37822,0.516,0.271,"C",-12.138,"major",0.0267,0.8640000000000001,0.037000000000000005,0.171,0.207,102.035,273893,4,"RnB","not explicit",46,1995
193,"Too Hotty","Quality Control",26438,0.889,0.39799999999999996,"C♯",-7.183,"major",0.204,0.19,0.0,0.10400000000000001,0.159,129.993,295997,4,"Rap","explicit",61,2017
193,"Rockabye (feat. Sean Paul & Anne-Marie)","Clean Bandit",43082,0.72,0.763,"A",-4.0680000000000005,"minor",0.0523,0.406,0.0,0.18,0.742,101.965,251088,4,"Pop","not explicit",76,2016
158,"Options","Pitbull",41423,0.41100000000000003,0.523,"B",-11.786,"major",0.24100000000000002,0.782,9.08e-06,0.293,0.205,144.738,220727,4,"Dark Trap","explicit",65,2016
160,"Broken Clocks","SZA",188425,0.6920000000000001,0.684,"F♯",-7.364,"major",0.155,0.131,0.0,0.156,0.406,112.912,231253,4,"RnB","explicit",78,2017
194,"Lemon","N.E.R.D",26059,0.9159999999999999,0.727,"C♯",-6.556,"major",0.0861,0.00214,0.000145,0.11800000000000001,0.201,94.99700000000001,219707,4,"Trap Metal","explicit",63,2017
188,"My Mind","NAV",18080,0.818,0.418,"E",-9.336,"minor",0.2,0.0321,1.56e-05,0.0736,0.609,148.588,216280,3,"RnB","not explicit",44,1978
153,"Stay","Kygo",37343,0.753,0.7559999999999999,"A♯",-4.662,"major",0.063,0.0302,3.76e-06,0.0754,0.679,145.94799999999995,167160,4,"Hiphop","not explicit",64,2021
116,"Nobody","DJ Khaled",27952,0.6920000000000001,0.575,"G",-12.067,"major",0.055,0.0413,6.42e-05,0.0524,0.904,102.055,279640,4,"Underground Rap","not explicit",20,1978
176,"Goodbye","Echosmith",182666,0.256,0.35200000000000004,"G",-10.334000000000001,"major",0.0322,0.889,0.00022999999999999998,0.13699999999999998,0.18100000000000002,203.53400000000002,245667,4,"Underground Rap","not explicit",33,1994
61,"River (feat. Ed Sheeran)","Eminem",87339,0.748,0.7490000000000001,"G♯",-5.916,"minor",0.516,0.142,0.0,0.0713,0.659,90.09,221013,4,"Rap","explicit",74,2017
200,"Strangers","Halsey",38103,0.579,0.6970000000000001,"C",-7.4289999999999985,"minor",0.0394,0.0142,1.6e-06,0.157,0.49,129.967,204213,4,"Emo","not explicit",57,2014
200,"Don't","Bryson Tiller",19176,0.8059999999999999,0.608,"C♯",-7.007999999999999,"major",0.0659,0.0113,0.0,0.635,0.8490000000000001,95.04899999999999,219840,4,"Hiphop","not explicit",51,2013
189,"i hate u, i love u (feat. olivia o'brien)","gnash",17817,0.4920000000000001,0.275,"F♯",-13.4,"minor",0.3,0.687,0.0,0.10099999999999999,0.18,92.6,251034,4,"Emo","explicit",80,2016
54,"IDGAF","Dua Lipa",52416,0.836,0.544,"G",-5.975,"major",0.0943,0.0403,0.0,0.0824,0.51,97.02799999999999,217947,4,"Pop","explicit",79,2017
200,"Light It Up","Luke Bryan",189328,0.8909999999999999,0.52,"D",-8.715,"minor",0.298,0.42100000000000004,0.0,0.355,0.547,111.02799999999999,124830,4,"Underground Rap","explicit",0,2021
155,"Sweat","The All-American Rejects",198402,0.532,0.5820000000000001,"G",-6.652,"minor",0.0436,0.00237,0.00299,0.126,0.163,161.703,232267,4,"Dark Trap","not explicit",56,2021
193,"Hurricane","Luke Combs",21304,0.23199999999999998,0.955,"E",-8.308,"major",0.0447,0.0034100000000000003,0.951,0.122,0.8290000000000001,186.946,152040,4,"Emo","explicit",41,1995
190,"Neighbors","J. Cole",18370,0.898,0.28300000000000003,"F♯",-12.335,"minor",0.35600000000000004,0.319,0.000383,0.11,0.469,138.97,216520,4,"Hiphop","explicit",72,2016
188,"Work","Rihanna",33661,0.6990000000000001,0.804,"G",-4.898,"major",0.14400000000000002,0.0631,0.0,0.414,0.491,140.012,223197,4,"Hiphop","explicit",54,2014
200,"In Da Club","50 Cent",22605,0.892,0.763,"C♯",-6.797999999999999,"major",0.161,0.127,0.0,0.0745,0.9640000000000001,90.001,228000,4,"Hiphop","not explicit",0,2010
183,"Questions","Chris Brown",43486,0.608,0.5660000000000001,"C♯",-7.0429999999999975,"major",0.278,0.114,0.0,0.124,0.418,82.986,166589,3,"Dark Trap","explicit",0,2021
115,"Leave Out All The Rest","Linkin Park",34301,0.509,0.629,"C",-6.434,"major",0.0335,0.209,1.99e-06,0.369,0.237,80.012,209307,4,"Emo","not explicit",68,2007
197,"Sugar","Maroon 5",35167,0.61,0.23600000000000002,"A",-15.21,"minor",0.0383,0.619,0.000147,0.273,0.643,78.425,164920,4,"Hiphop","not explicit",11,1958
119,"Make You Feel My Love","Adele",24329,0.375,0.21899999999999997,"C♯",-13.112,"major",0.0288,0.78,0.00141,0.109,0.19699999999999998,143.447,211000,4,"Emo","not explicit",55,1997
94,"The Weekend","SZA",288665,0.69,0.877,"B",-6.482,"minor",0.0463,0.00468,0.0151,0.451,0.9309999999999999,127.01299999999999,191000,5,"RnB","not explicit",0,2020
194,"Alone","Alan Walker",35494,0.525,0.785,"D",-2.407,"minor",0.0455,0.0356,0.0,0.10300000000000001,0.47,170.11599999999999,234001,4,"RnB","explicit",65,2018
199,"Wyclef Jean","Young Thug",17422,0.863,0.5760000000000001,"F",-5.687,"minor",0.239,0.124,0.0,0.14300000000000002,0.8320000000000001,132.054,236293,4,"RnB","explicit",64,2016
186,"Uh Huh","Julia Michaels",38775,0.855,0.6809999999999999,"D",-4.955,"major",0.0688,0.0881,3.7000000000000006e-06,0.0592,0.9079999999999999,99.699,223293,4,"RnB","not explicit",47,2002
200,"The Cure","Lady Gaga",36985,0.6970000000000001,0.506,"G♯",-4.863,"major",0.0325,0.0792,0.0,0.0893,0.516,100.00200000000001,211364,4,"Dark Trap","not explicit",67,2017
153,"Money Longer","Lil Uzi Vert",25544,0.795,0.568,"F",-7.817,"minor",0.142,0.0541,0.0,0.10800000000000001,0.478,136.173,198944,4,"Rap","explicit",74,2016
38,"Perfect","Ed Sheeran",142420,0.48700000000000004,0.52,"D♯",-8.418,"major",0.0302,0.0171,0.0,0.0778,0.45899999999999996,156.266,278933,3,"Pop","not explicit",0,2010
152,"Rolling In The Deep","Adele",20339,0.73,0.769,"G♯",-5.114,"major",0.0298,0.138,0.0,0.0473,0.507,104.948,228093,4,"Pop","explicit",74,2011
136,"Supermodel","SZA",206749,0.457,0.759,"A",-5.8389999999999995,"major",0.0741,0.0019399999999999999,0.00366,0.168,0.5589999999999999,119.306,240413,5,"RnB","not explicit",0,2004
187,"That's My Girl","Fifth Harmony",16674,0.596,0.851,"F",-4.245,"minor",0.121,0.0358,3.19e-05,0.365,0.612,202.049,204013,4,"Pop","not explicit",71,2016
200,"All Night","The Vamps",37543,0.852,0.5579999999999999,"B",-8.663,"major",0.124,0.0421,1.53e-05,0.113,0.42,119.973,262061,4,"RnB","explicit",0,2012
191,"Blessings","Chance The Rapper",170175,0.716,0.883,"C♯",-5.34,"major",0.0691,0.047,0.337,0.28600000000000003,0.71,125.014,384707,4,"Hiphop","not explicit",0,1996
198,"Make It Right","Foo Fighters",21393,0.523,0.721,"F",-6.9,"minor",0.0284,0.00949,0.00821,0.244,0.909,135.384,245453,4,"Hiphop","not explicit",31,1972
177,"Close My Eyes","21 Savage",19819,0.604,0.39399999999999996,"D♯",-11.852,"major",0.0276,0.622,2.92e-06,0.31,0.268,103.75299999999999,259867,4,"Dark Trap","not explicit",40,1997
189,"Rap Saved Me","21 Savage",23787,0.845,0.39899999999999997,"C♯",-7.508999999999999,"major",0.309,0.00525,0.74,0.102,0.14800000000000002,143.049,257600,4,"Dark Trap","explicit",65,2017
197,"Jumpman","Drake",19405,0.852,0.5529999999999999,"C♯",-7.2860000000000005,"major",0.187,0.0559,0.0,0.332,0.6559999999999999,142.079,205879,4,"Hiphop","explicit",73,2015
182,"Candy Paint","Post Malone",43253,0.664,0.667,"E",-5.941,"major",0.154,0.64,1.22e-06,0.0753,0.381,180.06400000000005,227533,4,"Hiphop","explicit",76,2018
159,"Maps","Yeah Yeah Yeahs",41174,0.742,0.713,"C♯",-5.522,"minor",0.0303,0.0205,0.0,0.059000000000000004,0.879,120.03200000000001,189960,4,"Pop","not explicit",77,2014
197,"Ride","Twenty One Pilots",33878,0.373,0.6859999999999999,"C",-5.52,"major",0.034,0.128,1.96e-06,0.38299999999999995,0.18899999999999997,93.76299999999999,289080,4,"Hiphop","explicit",61,2012
139,"Don't Let Me Down","The Chainsmokers",54471,0.691,0.662,"E",-10.045,"major",0.053,0.40399999999999997,0.00509,0.465,0.9470000000000001,157.36700000000005,204533,4,"Pop","not explicit",51,2006
130,"Starships","Nicki Minaj",201813,0.747,0.716,"B",-2.457,"minor",0.0751,0.135,0.0,0.251,0.7509999999999999,125.006,210627,4,"Pop","explicit",63,2012
200,"Deja vu","Prince Royce",40078,0.835,0.841,"A♯",-6.097,"major",0.0543,0.00412,0.0404,0.0397,0.9079999999999999,121.994,365907,4,"Hiphop","not explicit",0,2016
197,"Too Good","Drake",30031,0.794,0.653,"G",-7.838999999999999,"major",0.10400000000000001,0.0489,4.88e-05,0.1,0.397,117.99600000000001,263373,4,"Rap","explicit",71,2016
172,"Free Smoke","Drake",39383,0.736,0.491,"A♯",-6.892,"minor",0.439,0.0681,0.0,0.5710000000000001,0.203,141.97899999999996,218674,4,"Underground Rap","explicit",63,2017
40,"Betrayed","Lil Xan",61784,0.821,0.434,"A♯",-9.193999999999999,"minor",0.11800000000000001,0.434,0.0,0.128,0.24100000000000002,120.012,187173,4,"Hiphop","explicit",74,2018
200,"All Star","Smash Mouth",19637,0.73,0.862,"B",-5.876,"major",0.0313,0.0398,0.0,0.0818,0.77,104.01799999999999,200560,4,"Emo","not explicit",52,2005
199,"Rise Up","Imagine Dragons",18731,0.39799999999999996,0.316,"C♯",-7.0310000000000015,"major",0.0368,0.805,0.0,0.295,0.174,118.58200000000001,253342,4,"Emo","not explicit",75,2015
137,'23',"Maluma",55153,0.8590000000000001,0.599,"A",-5.254,"major",0.0614,0.000362,8.2e-06,0.13,0.319,140.005,252520,4,"Hiphop","explicit",69,2013
167,"Bohemian Rhapsody - Remastered 2011","Queen",47440,0.392,0.402,"C",-9.961,"minor",0.0536,0.28800000000000003,0.0,0.243,0.228,143.88299999999995,354320,4,"Emo","not explicit",50,2011
200,"In The End","Linkin Park",38890,0.32299999999999995,0.951,"C♯",-5.843999999999999,"major",0.0442,5.7499999999999995e-05,1.78e-06,0.233,0.772,139.54,106400,4,"Pop","not explicit",49,1994
195,"Happier","Ed Sheeran",35518,0.6990000000000001,0.62,"A",-8.061,"major",0.0271,0.34299999999999997,2.36e-06,0.11,0.51,111.946,231013,4,"Pop","not explicit",33,1999
182,"Black Beatles","Rae Sremmurd",37772,0.794,0.632,"C",-6.162999999999999,"major",0.0649,0.142,0.0,0.128,0.355,145.92600000000004,291893,4,"Hiphop","explicit",75,2016
53,"Dusk Till Dawn - Radio Edit","ZAYN",104922,0.258,0.4370000000000001,"B",-6.593,"minor",0.039,0.10099999999999999,1.27e-06,0.106,0.0967,180.043,239000,4,"Emo","not explicit",81,2017
191,"Gold","Kiiara",17310,0.8079999999999999,0.647,"B",-6.947,"minor",0.166,0.0716,0.000466,0.205,0.29,110.036,266000,4,"Hiphop","explicit",63,2017
133,"Red Roses (feat. Landon Cube)","Lil Skies",241096,0.691,0.6829999999999999,"C",-7.335,"major",0.0954,0.547,0.0,0.221,0.456,140.002,262544,4,"Hiphop","explicit",72,2017
191,"Stranger Things","Kygo",20986,0.867,0.6629999999999999,"A♯",-5.837999999999999,"minor",0.17800000000000002,0.44299999999999995,0.0,0.11699999999999999,0.48100000000000004,121.978,219733,4,"Hiphop","explicit",66,2018
160,"OOOUUU","Young M.A",21602,0.64,0.8190000000000001,"G",-4.1080000000000005,"major",0.455,0.5329999999999999,0.0,0.156,0.623,166.012,234526,4,"Rap","explicit",58,2016
200,"Feel It Still","Portugal. The Man",42226,0.8009999999999999,0.795,"C♯",-5.115,"minor",0.0504,0.0417,0.000113,0.0717,0.754,79.028,163253,4,"Pop","not explicit",78,2017
161,"T-Shirt","Migos",25388,0.865,0.687,"A♯",-3.7439999999999998,"minor",0.217,0.242,0.0,0.158,0.486,139.023,242407,4,"RnB","explicit",68,2017
185,"Do What I Want","Lil Uzi Vert",187676,0.741,0.5529999999999999,"B",-10.537,"major",0.0929,0.0004,0.907,0.0914,0.508,89.99700000000001,204520,4,"Rap","not explicit",0,2016
195,"Minute","NAV",18119,0.68,0.5489999999999999,"F",-8.277000000000001,"minor",0.244,0.0919,7.140000000000001e-05,0.5479999999999999,0.29,162.874,265373,4,"Rap","explicit",61,2017
159,"Heat","Eminem",29617,0.513,0.966,"F♯",-2.807,"minor",0.55,0.27,0.0,0.376,0.703,84.70299999999997,254907,4,"Hiphop","explicit",45,2003
170,"Same Drugs","Chance The Rapper",19416,0.461,0.293,"F♯",-9.52,"major",0.0555,0.9470000000000001,9.95e-06,0.0936,0.531,180.297,257775,4,"Underground Rap","not explicit",65,2016
194,"Pray","Sam Smith",40722,0.535,0.382,"E",-9.465,"minor",0.0426,0.282,1.1400000000000001e-05,0.0865,0.147,87.801,221596,3,"Hiphop","explicit",60,2017
146,"ABC","The Jackson 5",28086,0.73,0.8590000000000001,"G♯",-5.17,"major",0.0372,0.44799999999999995,0.00020099999999999998,0.133,0.96,93.617,176800,4,"Underground Rap","not explicit",28,1971
178,"Skinny Love","Bon Iver",21904,0.379,0.29,"E",-8.485,"major",0.051,0.9520000000000001,0.00106,0.11800000000000001,0.16899999999999998,166.467,201080,4,"Emo","not explicit",75,2011
198,"Paris","The Chainsmokers",36846,0.653,0.6579999999999999,"D",-6.428,"major",0.0304,0.0215,1.66e-06,0.0939,0.21899999999999997,99.99,221507,4,"Trap Metal","not explicit",70,2017
196,"Everyday We Lit (feat. PnB Rock)","YFN Lucci",164162,0.758,0.6459999999999999,"G",-4.7010000000000005,"major",0.11199999999999999,0.128,0.0,0.0778,0.589,155.955,197171,4,"RnB","explicit",64,2017
186,"Orlando","XXXTENTACION",20504,0.57,0.0279,"C♯",-22.281999999999996,"major",0.0588,0.8590000000000001,0.0892,0.254,0.28,84.902,163840,4,"Hiphop","explicit",67,2017
200,"Everyday","Ariana Grande",32773,0.521,0.46399999999999997,"G",-3.883,"major",0.025,0.65,3.58e-06,0.368,0.263,85.486,190493,4,"RnB","not explicit",41,1974
198,"Erase Your Social","Lil Uzi Vert",147332,0.705,0.609,"D♯",-5.728,"major",0.0729,0.6940000000000001,0.0,0.23399999999999999,0.718,140.058,199993,4,"Underground Rap","explicit",74,2016
174,"Special","21 Savage",173816,0.531,0.521,"A",-13.379000000000001,"minor",0.162,0.00634,5.47e-05,0.141,0.6859999999999999,180.30599999999998,138400,4,"Underground Rap","not explicit",24,1986
178,"Headlines","Drake",18781,0.6459999999999999,0.557,"F♯",-7.172999999999999,"minor",0.127,0.36200000000000004,0.000264,0.0909,0.40299999999999997,151.98,236733,4,"Hiphop","explicit",50,2011
63,"Nowadays (feat. Landon Cube)","Lil Skies",44596,0.745,0.6459999999999999,"F♯",-6.987,"minor",0.17,0.157,0.0,0.33799999999999997,0.46,79.993,203908,4,"Hiphop","explicit",72,2017
176,"Blank Space","Taylor Swift",41842,0.76,0.703,"F",-5.412000000000001,"major",0.054000000000000006,0.10300000000000001,0.0,0.0913,0.57,95.99700000000001,231827,4,"Pop","not explicit",57,2014
198,"Met Gala (feat. Offset)","Gucci Mane",17121,0.8170000000000001,0.5870000000000001,"D",-6.5020000000000024,"major",0.10800000000000001,0.052000000000000005,0.00165,0.185,0.35200000000000004,140.062,209143,4,"Underground Rap","explicit",62,2017
158,"Photograph","Ed Sheeran",49752,0.691,0.48700000000000004,"C♯",-6.416,"major",0.268,0.0299,0.0,0.0868,0.358,104.98,218954,3,"Hiphop","explicit",63,2018
