position,streams,danceability,energy,loudness,speechiness,acousticness,instrumentalness,liveness,valence,tempo,duration_ms,time_signature,popularity,year,2,3,4,5,6,7,8,9
198.0,184428.0,0.851,0.625,-5.4170000000000025,0.303,0.195,0.0,0.266,0.6679999999999999,99.061,158684.0,4.0,71.0,2017.0,0,1,2,2,1,5,2,6
188.0,21635.0,0.721,0.758,-7.5360000000000005,0.0372,0.6709999999999999,0.8909999999999999,0.133,0.8640000000000001,150.825,191173.0,4.0,62.0,2006.0,1,0,1,0,5,2,1,7
183.0,172101.0,0.758,0.574,-6.888999999999999,0.0572,0.46,0.0027199999999999998,0.102,0.261,151.985,191147.0,4.0,68.0,2017.0,0,1,2,2,2,5,2,6
172.0,219860.0,0.618,0.217,-15.372,0.0515,0.836,0.00016299999999999998,0.5379999999999999,0.0872,116.014,202103.0,4.0,72.0,2018.0,1,0,1,1,4,0,7,1
194.0,21887.0,0.862,0.27399999999999997,-5.818,0.484,0.0974,0.185,0.183,0.146,77.493,148640.0,4.0,63.0,2017.0,0,1,0,2,2,6,3,5
197.0,38232.0,0.488,0.366,-10.196,0.0269,0.7979999999999999,1.4999999999999999e-05,0.11,0.16699999999999998,82.07799999999997,205605.0,4.0,2.0,1951.0,1,0,1,1,4,0,7,1
195.0,17910.0,0.382,0.578,-4.246,0.047,0.00982,1.4400000000000001e-05,0.433,0.156,113.072,348625.0,4.0,58.0,2015.0,0,1,0,2,2,6,5,8
198.0,26644.0,0.573,0.7390000000000001,-5.74,0.129,0.0285,0.0,0.111,0.451,97.085,230227.0,4.0,74.0,2015.0,0,1,0,2,2,6,3,5
160.0,20901.0,0.9309999999999999,0.519,-11.52,0.0766,0.00642,0.0,0.034,0.9640000000000001,120.544,139640.0,4.0,22.0,1976.0,0,2,3,3,3,1,0,0
66.0,43431.0,0.847,0.7190000000000001,-3.3,0.0468,0.0868,0.0,0.14800000000000002,0.442,130.032,243837.0,4.0,61.0,2016.0,0,1,2,4,0,3,6,3
169.0,19203.0,0.3720000000000001,0.912,-8.832,0.0713,0.0016300000000000002,0.0275,0.297,0.45899999999999996,166.889,444453.0,4.0,34.0,1989.0,0,2,3,3,3,4,5,8
195.0,19784.0,0.6970000000000001,0.7709999999999999,-6.295,0.0599,0.244,0.0,0.295,0.617,79.92699999999998,258670.0,4.0,47.0,2002.0,0,2,0,2,1,4,4,4
191.0,16345.0,0.542,0.401,-16.567,0.028999999999999998,0.0493,0.0025399999999999997,0.109,0.764,126.57,307267.0,4.0,39.0,1990.0,0,2,3,3,1,4,4,4
198.0,28002.0,0.7440000000000001,0.897,-4.378,0.121,0.0659,0.0,0.225,0.721,124.976,196759.0,5.0,39.0,2020.0,0,2,3,3,1,4,4,4
175.0,19769.0,0.665,0.535,-7.056,0.0572,0.0786,1.6800000000000002e-05,0.154,0.37,138.842,275253.0,4.0,70.0,2017.0,0,1,0,2,2,6,3,5
168.0,35970.0,0.52,0.267,-7.394,0.0408,0.858,0.0,0.11,0.38299999999999995,111.884,244821.0,4.0,7.0,2020.0,1,0,1,1,4,0,7,1
46.0,125270.0,0.667,0.316,-9.132,0.0262,0.0292,0.00613,0.147,0.156,100.99799999999999,313663.0,4.0,62.0,2017.0,0,1,2,4,0,3,6,3
182.0,18395.0,0.168,0.858,-4.617,0.0658,0.0336,8.65e-05,0.293,0.599,140.939,101507.0,4.0,26.0,1982.0,0,2,3,3,3,4,5,8
198.0,36054.0,0.6579999999999999,0.535,-8.982999999999997,0.0573,0.0265,0.0,0.2,0.419,110.684,227360.0,4.0,71.0,2017.0,0,1,0,2,2,6,3,5
26.0,173640.0,0.626,0.6559999999999999,-7.051,0.0289,0.0222,0.0,0.106,0.5529999999999999,143.958,256000.0,4.0,0.0,2020.0,0,2,3,4,3,1,0,0
186.0,21419.0,0.769,0.156,-10.7,0.035,0.585,0.015,0.102,0.527,105.95,144733.0,4.0,73.0,2017.0,1,0,1,1,4,0,7,1
50.0,54292.0,0.89,0.633,-5.475,0.168,0.0232,0.000343,0.0993,0.425,139.94799999999998,233087.0,4.0,72.0,2017.0,0,1,2,4,0,3,6,3
200.0,19229.0,0.95,0.743,-5.8610000000000015,0.23800000000000002,0.0646,1.1900000000000001e-05,0.10300000000000001,0.62,136.98,257546.0,4.0,63.0,2017.0,0,1,0,2,1,4,4,4
199.0,153929.0,0.272,0.9490000000000001,-7.069,0.114,0.000363,0.517,0.321,0.245,115.17299999999999,332493.0,4.0,0.0,1930.0,0,2,3,0,5,2,1,7
182.0,19245.0,0.9079999999999999,0.557,-4.243,0.107,0.242,0.0,0.0709,0.897,90.03200000000002,230133.0,4.0,72.0,2001.0,0,1,0,2,1,4,4,4
170.0,182732.0,0.7609999999999999,0.847,-3.068,0.0417,0.0292,2.26e-06,0.39,0.765,91.51899999999999,284480.0,4.0,65.0,2007.0,0,1,2,2,1,5,2,6
186.0,19947.0,0.413,0.426,-11.833,0.0287,0.0506,3.8e-06,0.14800000000000002,0.23600000000000002,137.66299999999998,309080.0,3.0,26.0,1977.0,0,2,3,3,3,1,5,2
190.0,41379.0,0.677,0.485,-5.795,0.0361,0.529,2.0399999999999998e-05,0.0766,0.493,82.001,239317.0,4.0,81.0,2014.0,1,0,1,1,4,6,3,5
199.0,20704.0,0.83,0.585,-5.8020000000000005,0.0366,0.225,0.00209,0.0576,0.642,105.03,228600.0,4.0,78.0,2017.0,0,1,0,2,2,6,4,4
186.0,46430.0,0.371,0.845,-4.199,0.0399,0.0075299999999999985,0.0,0.0556,0.47100000000000003,112.198,213200.0,4.0,54.0,2007.0,0,1,0,2,1,4,5,8
200.0,31563.0,0.254,0.9590000000000001,-4.527,0.191,0.00613,7.42e-06,0.337,0.493,176.273,137307.0,4.0,39.0,1996.0,0,2,3,3,1,4,5,8
198.0,18046.0,0.66,0.491,-6.645,0.10099999999999999,0.0338,0.0,0.10099999999999999,0.376,154.132,199520.0,4.0,61.0,2017.0,0,1,0,2,2,6,3,5
199.0,18064.0,0.431,0.861,-5.4239999999999995,0.0474,8.05e-05,0.322,0.0957,0.364,172.092,252667.0,4.0,38.0,2002.0,0,2,3,3,3,4,5,8
190.0,18606.0,0.389,0.665,-6.169,0.0644,0.17800000000000002,0.000732,0.11599999999999999,0.19899999999999998,117.055,193547.0,4.0,76.0,2015.0,0,1,0,2,2,6,3,5
192.0,40353.0,0.623,0.7340000000000001,-5.9479999999999995,0.107,0.0162,1.75e-06,0.145,0.37,107.853,244453.0,4.0,75.0,2016.0,0,1,0,2,2,6,3,5
159.0,191846.0,0.716,0.531,-7.355,0.122,0.0703,0.0,0.22399999999999998,0.344,71.994,386907.0,4.0,62.0,2012.0,0,1,2,2,2,5,2,6
98.0,33443.0,0.8390000000000001,0.81,-5.274,0.0568,0.501,0.0,0.11699999999999999,0.8140000000000001,129.014,209269.0,4.0,75.0,2017.0,0,1,2,4,0,3,6,3
143.0,48171.0,0.308,0.769,-7.256,0.065,0.0331,0.0,0.214,0.488,81.85300000000002,254880.0,4.0,58.0,2014.0,0,1,0,2,1,4,5,8
191.0,32748.0,0.872,0.622,-9.276,0.498,0.0179,0.0,0.204,0.8009999999999999,95.65799999999999,254960.0,4.0,39.0,1997.0,0,2,0,3,1,4,4,4
170.0,25111.0,0.76,0.569,-7.518,0.102,0.0522,0.0,0.10400000000000001,0.446,102.98200000000001,205080.0,4.0,20.0,2019.0,0,2,3,3,3,1,0,2
164.0,20534.0,0.6779999999999999,0.562,-9.197000000000001,0.508,0.193,0.0,0.10400000000000001,0.5660000000000001,94.241,307880.0,4.0,62.0,2017.0,0,1,0,2,2,6,4,4
199.0,150234.0,0.846,0.542,-11.024000000000001,0.0358,0.223,0.0,0.0259,0.898,102.57700000000001,300773.0,4.0,33.0,1989.0,0,2,3,3,3,1,0,0
162.0,20547.0,0.212,0.985,-2.8560000000000003,0.106,0.000281,3.34e-06,0.0866,0.237,156.389,297240.0,4.0,52.0,2011.0,0,1,0,2,2,4,5,8
194.0,19662.0,0.812,0.522,-5.287000000000001,0.257,0.0433,0.0,0.154,0.38,75.524,142907.0,4.0,63.0,2017.0,0,1,0,2,2,6,3,5
175.0,36684.0,0.358,0.557,-7.398,0.059000000000000004,0.695,0.0,0.0902,0.494,85.04299999999998,211467.0,4.0,86.0,2016.0,1,0,1,1,4,0,7,1
185.0,22267.0,0.721,0.924,-8.282,0.0396,0.000683,0.003820000000000001,0.0817,0.6940000000000001,130.947,244133.0,4.0,51.0,1995.0,0,2,0,3,1,4,4,4
113.0,31137.0,0.703,0.757,-3.612,0.05,0.617,0.0,0.106,0.696,82.008,221747.0,4.0,77.0,2017.0,0,1,2,4,0,3,6,3
110.0,31864.0,0.675,0.562,-7.678,0.0352,0.233,0.0,0.0816,0.309,130.09799999999998,256533.0,4.0,77.0,2016.0,0,1,2,4,0,3,6,3
159.0,24498.0,0.285,0.297,-9.259,0.0339,0.743,0.0,0.138,0.156,103.65299999999999,283529.0,4.0,60.0,2016.0,1,0,1,1,4,0,7,1
198.0,15429.0,0.853,0.6629999999999999,-6.955,0.0755,0.0431,8.71e-06,0.0891,0.8640000000000001,113.99799999999999,220173.0,4.0,67.0,2016.0,0,1,0,2,1,4,4,4
193.0,19656.0,0.7909999999999999,0.513,-6.568,0.26899999999999996,0.0235,2.8300000000000014e-05,0.10099999999999999,0.48100000000000004,76.997,247347.0,4.0,62.0,2017.0,0,1,0,2,2,6,3,5
77.0,39757.0,0.626,0.726,-5.015,0.0376,0.235,0.0,0.304,0.257,89.132,144530.0,4.0,76.0,2020.0,0,1,2,4,0,3,6,3
196.0,22713.0,0.426,0.975,-1.892,0.095,0.0017,0.0,0.0891,0.273,142.998,197627.0,4.0,49.0,2009.0,0,1,0,2,2,4,5,8
178.0,177260.0,0.609,0.799,-6.882999999999999,0.24,0.33,0.0,0.10800000000000001,0.5820000000000001,157.74,215509.0,4.0,70.0,2011.0,0,1,2,2,1,5,2,6
170.0,21153.0,0.669,0.8009999999999999,-5.445,0.136,0.268,0.0,0.0594,0.541,109.919,201072.0,4.0,72.0,2019.0,0,1,0,2,1,4,4,4
35.0,143981.0,0.825,0.652,-3.1830000000000003,0.0802,0.581,0.0,0.0931,0.9309999999999999,95.977,233713.0,4.0,72.0,2017.0,0,1,2,4,0,3,6,3
107.0,34286.0,0.736,0.76,-8.64,0.184,0.139,0.0,0.6509999999999999,0.833,85.991,204000.0,4.0,0.0,2018.0,0,2,3,3,3,1,0,0
181.0,20073.0,0.373,0.539,-4.865,0.086,0.166,0.0,0.139,0.075,77.006,196202.0,4.0,72.0,2020.0,0,1,0,2,2,6,3,5
169.0,21963.0,0.708,0.8490000000000001,-2.6660000000000004,0.324,0.38,0.0,0.8490000000000001,0.649,148.102,363973.0,4.0,61.0,2013.0,0,1,0,2,1,4,4,4
193.0,40451.0,0.754,0.698,-5.806,0.0619,0.0367,0.0,0.125,0.888,120.052,234920.0,4.0,11.0,2020.0,0,2,3,3,3,1,0,0
152.0,26058.0,0.424,0.34700000000000003,-9.05,0.03,0.0748,0.743,0.537,0.22399999999999998,126.286,326387.0,4.0,36.0,1979.0,0,2,3,0,5,2,1,7
46.0,59890.0,0.9209999999999999,0.467,-8.443,0.11900000000000001,0.0149,0.00023799999999999998,0.33399999999999996,0.287,135.995,191252.0,4.0,68.0,2018.0,0,1,2,4,0,3,6,3
128.0,50147.0,0.345,0.9740000000000001,-3.221,0.0607,0.0012,3.0299999999999998e-05,0.36200000000000004,0.5710000000000001,175.02700000000004,298813.0,4.0,49.0,2005.0,0,2,3,3,1,4,5,8
198.0,23602.0,0.773,0.564,-7.2410000000000005,0.249,0.00561,1.99e-05,0.213,0.0588,155.976,211960.0,4.0,68.0,2016.0,0,1,0,2,2,6,3,5
187.0,20853.0,0.718,0.139,-20.429000000000002,0.11,0.887,2.44e-05,0.11900000000000001,0.731,112.825,113827.0,4.0,19.0,1965.0,1,0,1,1,4,0,7,1
111.0,281661.0,0.7140000000000001,0.6859999999999999,-6.3329999999999975,0.0445,0.203,7.76e-06,0.102,0.828,127.015,231653.0,4.0,73.0,2019.0,0,1,2,4,0,5,2,6
45.0,60073.0,0.5760000000000001,0.444,-11.392000000000001,0.0256,0.478,0.00020299999999999997,0.177,0.5720000000000001,140.018,260293.0,3.0,39.0,1996.0,1,0,2,4,0,3,6,3
102.0,32740.0,0.7340000000000001,0.7509999999999999,-7.26,0.285,0.0052899999999999996,0.0,0.183,0.56,161.997,159916.0,5.0,68.0,2018.0,0,1,2,4,0,3,6,3
185.0,21106.0,0.6809999999999999,0.659,-6.405,0.268,0.0008560000000000001,8.17e-06,0.11,0.225,156.004,173294.0,4.0,68.0,2017.0,0,1,0,2,2,6,3,5
197.0,19630.0,0.742,0.636,-6.744,0.0331,0.446,0.0,0.0817,0.48,95.00200000000001,208427.0,4.0,52.0,2009.0,0,1,0,2,2,6,4,4
150.0,26138.0,0.723,0.654,-6.82,0.298,0.384,0.0,0.384,0.675,149.94899999999996,252240.0,4.0,69.0,2018.0,0,1,0,2,1,4,4,4
68.0,41852.0,0.7170000000000001,0.79,-4.213,0.2,0.33,0.000125,0.518,0.371,125.985,168784.0,4.0,75.0,2017.0,0,1,2,4,0,3,6,3
110.0,62941.0,0.787,0.312,-12.401,0.0383,0.895,0.0224,0.115,0.425,119.899,128888.0,4.0,69.0,2018.0,1,0,1,1,4,0,7,1
27.0,171691.0,0.746,0.336,-9.777999999999999,0.0502,0.846,0.000745,0.0819,0.341,123.178,112000.0,4.0,0.0,2019.0,1,0,1,1,4,0,7,1
138.0,41236.0,0.703,0.763,-9.815,0.0991,0.0979,0.91,0.179,0.759,93.01100000000001,321107.0,4.0,0.0,2000.0,0,2,3,0,5,2,1,7
21.0,189512.0,0.75,0.831,-2.6010000000000004,0.397,0.0603,0.0,0.0576,0.731,76.439,319853.0,4.0,52.0,2009.0,0,1,2,4,0,3,6,3
192.0,17947.0,0.634,0.7709999999999999,-6.232,0.265,0.0925,0.0,0.0535,0.649,173.921,252000.0,4.0,0.0,2010.0,0,2,3,3,3,1,0,2
180.0,19389.0,0.5589999999999999,0.716,-3.964,0.39,0.737,0.0,0.252,0.504,176.618,275227.0,4.0,71.0,2013.0,1,0,1,1,4,0,7,1
194.0,20991.0,0.5760000000000001,0.872,-5.292999999999998,0.0471,0.00599,0.0,0.188,0.5589999999999999,115.042,230400.0,4.0,62.0,2018.0,0,1,0,2,1,4,5,8
198.0,20537.0,0.0635,0.109,-19.9,0.0322,0.867,0.9309999999999999,0.111,0.166,61.332,81267.0,4.0,11.0,1960.0,1,0,1,0,5,2,1,7
130.0,42742.0,0.635,0.691,-4.862,0.258,0.555,0.0,0.09699999999999999,0.638,82.14200000000002,217419.0,4.0,65.0,2013.0,0,1,2,4,1,3,4,4
80.0,73996.0,0.547,0.289,-11.385,0.0274,0.902,1.96e-06,0.285,0.446,74.95,158520.0,4.0,18.0,1964.0,1,0,1,1,4,0,7,1
187.0,21839.0,0.555,0.97,-2.036,0.0787,0.00221,0.0,0.122,0.677,112.564,212612.0,4.0,56.0,2015.0,0,1,0,2,1,4,4,8
194.0,19291.0,0.7659999999999999,0.28300000000000003,-10.33,0.0846,0.111,0.0172,0.115,0.14400000000000002,97.04,219692.0,4.0,75.0,2017.0,0,1,0,2,2,6,3,5
187.0,18285.0,0.632,0.631,-3.801,0.13,0.311,0.0,0.142,0.684,68.88,268027.0,4.0,45.0,2000.0,0,2,0,2,1,4,4,4
158.0,25863.0,0.5589999999999999,0.84,-3.264,0.23600000000000002,0.0706,0.0,0.0967,0.113,171.31099999999995,297907.0,4.0,47.0,2002.0,0,1,0,2,2,6,5,8
97.0,35826.0,0.473,0.966,-4.662,0.0679,0.0683,0.0,0.107,0.486,98.835,125880.0,4.0,48.0,2008.0,0,1,2,4,1,4,5,8
44.0,130671.0,0.9359999999999999,0.523,-6.71,0.0597,0.239,0.0,0.11699999999999999,0.6990000000000001,119.889,124056.0,4.0,69.0,2017.0,0,1,2,4,0,3,6,3
168.0,17585.0,0.746,0.873,-3.803,0.128,0.0244,0.0,0.354,0.8170000000000001,148.075,222093.0,4.0,73.0,2015.0,0,1,0,2,1,4,4,4
15.0,92127.0,0.36200000000000004,0.614,-13.297,0.0961,0.107,0.0012,0.12300000000000001,0.664,79.432,312400.0,4.0,50.0,1971.0,0,1,2,4,0,3,6,3
200.0,17954.0,0.517,0.929,-6.0310000000000015,0.11800000000000001,0.00449,0.000492,0.307,0.7659999999999999,152.1,195213.0,4.0,40.0,1983.0,0,2,3,3,1,4,5,8
175.0,38982.0,0.589,0.7609999999999999,-5.615,0.0316,0.303,0.0,0.218,0.22399999999999998,127.984,228250.0,4.0,1.0,2020.0,0,2,3,3,3,1,0,2
159.0,21122.0,0.696,0.5429999999999999,-6.164,0.0489,0.308,0.0,0.0939,0.479,107.969,246880.0,4.0,78.0,2016.0,0,1,0,2,2,6,3,5
157.0,26739.0,0.843,0.546,-6.376,0.0678,0.0535,0.0,0.203,0.718,126.098,162759.0,4.0,63.0,2021.0,0,1,0,2,1,4,4,4
197.0,18158.0,0.594,0.6629999999999999,-7.587999999999999,0.0292,0.00512,0.12300000000000001,0.162,0.8059999999999999,111.12299999999999,182607.0,4.0,55.0,2014.0,0,2,0,2,1,4,4,4
199.0,40129.0,0.509,0.929,-4.997,0.0474,0.000148,0.107,0.0461,0.556,91.04299999999999,209427.0,4.0,44.0,2003.0,0,2,3,3,1,4,5,8
197.0,20022.0,0.611,0.868,-3.995,0.0645,0.0146,0.0,0.122,0.48,135.947,229412.0,4.0,65.0,2019.0,0,1,0,2,1,4,5,8
197.0,17788.0,0.542,0.528,-8.113,0.243,0.0108,0.0,0.11699999999999999,0.253,190.42,228640.0,4.0,12.0,2021.0,0,2,3,3,3,1,0,2
190.0,19197.0,0.7759999999999999,0.503,-5.732,0.237,0.8740000000000001,0.0,0.11199999999999999,0.473,110.134,210285.0,4.0,81.0,2017.0,1,0,1,1,4,0,7,1
190.0,36547.0,0.599,0.774,-4.013999999999999,0.0541,0.0223,0.0,0.0669,0.696,129.819,223123.0,4.0,73.0,2018.0,0,1,0,2,1,4,4,4
198.0,128117.0,0.8859999999999999,0.629,-4.404,0.306,0.051,7.66e-06,0.121,0.48700000000000004,158.002,182491.0,4.0,62.0,2016.0,0,1,0,2,2,5,2,6
186.0,20037.0,0.552,0.731,-6.8729999999999976,0.615,0.0536,0.0,0.258,0.632,174.516,248613.0,4.0,64.0,2017.0,0,1,0,2,1,4,4,4
190.0,19641.0,0.722,0.821,-4.167,0.172,0.337,2.12e-05,0.15,0.659,73.015,245229.0,4.0,60.0,2017.0,0,1,0,2,1,4,4,4
196.0,36217.0,0.872,0.434,-11.737,0.733,0.0663,0.0,0.096,0.292,82.97399999999998,121522.0,4.0,64.0,2019.0,0,1,0,2,2,6,3,5
188.0,18941.0,0.575,0.664,-5.303,0.0481,0.637,0.0,0.11599999999999999,0.4370000000000001,129.07,241693.0,4.0,67.0,2014.0,1,0,1,1,4,0,7,1
198.0,20409.0,0.575,0.7340000000000001,-4.949,0.057,0.0757,0.0,0.24100000000000002,0.494,83.986,179827.0,4.0,70.0,2016.0,0,1,0,2,1,4,4,4
179.0,22157.0,0.7090000000000001,0.5489999999999999,-10.805,0.613,0.0339,0.121,0.128,0.662,98.45700000000001,167867.0,4.0,35.0,1995.0,0,2,0,3,1,4,4,4
59.0,48658.0,0.6579999999999999,0.6779999999999999,-4.407,0.057999999999999996,0.303,0.0,0.361,0.662,97.976,199111.0,4.0,37.0,2017.0,0,2,2,4,0,3,6,3
160.0,164503.0,0.718,0.679,-5.899,0.0706,0.0019100000000000002,0.0104,0.385,0.205,157.97,173347.0,4.0,59.0,2016.0,0,1,2,2,2,5,2,6
196.0,23142.0,0.4320000000000001,0.625,-6.773,0.201,0.298,1.34e-05,0.156,0.43799999999999994,74.815,164522.0,3.0,0.0,2021.0,0,2,3,3,3,1,0,2
149.0,43180.0,0.742,0.728,-6.626,0.0315,0.00962,3.73e-05,0.134,0.6970000000000001,96.01,226373.0,4.0,58.0,2011.0,0,1,0,2,1,4,4,4
47.0,58848.0,0.8170000000000001,0.816,-5.402,0.26899999999999996,0.00263,0.0,0.159,0.508,181.982,190288.0,4.0,71.0,2018.0,0,1,2,4,0,3,6,3
197.0,17744.0,0.536,0.721,-6.44,0.386,0.062,0.0,0.8240000000000001,0.39299999999999996,117.139,191942.0,4.0,68.0,2016.0,0,1,0,2,1,4,5,4
189.0,22921.0,0.6920000000000001,0.521,-8.465,0.33,0.301,0.0,0.0565,0.46299999999999997,100.45,292987.0,4.0,28.0,2018.0,0,2,3,3,3,1,0,2
197.0,20943.0,0.748,0.705,-4.547,0.485,0.204,0.0,0.24600000000000002,0.483,189.891,208733.0,4.0,70.0,2017.0,0,1,0,2,2,6,3,4
86.0,36793.0,0.8140000000000001,0.743,-2.968,0.159,0.152,0.0,0.163,0.3670000000000001,107.99600000000001,214587.0,4.0,70.0,2017.0,0,1,2,4,0,3,6,3
150.0,18915.0,0.525,0.5329999999999999,-7.419,0.0289,0.2,0.0,0.198,0.268,149.923,225707.0,4.0,42.0,1993.0,0,1,0,2,2,6,5,8
193.0,35637.0,0.647,0.585,-6.1229999999999976,0.0512,0.00314,0.0,0.165,0.353,131.934,215672.0,4.0,71.0,2013.0,0,1,0,2,2,6,3,5
71.0,77927.0,0.6990000000000001,0.547,-5.716,0.0636,0.17300000000000001,0.0,0.0969,0.705,105.93700000000001,189057.0,4.0,5.0,2020.0,0,2,3,3,3,1,0,0
188.0,33605.0,0.6509999999999999,0.55,-8.215,0.0496,0.0403,0.0,0.165,0.11900000000000001,107.56700000000001,252640.0,4.0,60.0,2015.0,0,1,0,2,2,6,3,5
189.0,167538.0,0.547,0.759,-7.039,0.413,0.354,2.15e-05,0.6759999999999999,0.575,91.85,225347.0,4.0,62.0,2017.0,0,1,2,2,1,5,2,6
192.0,22254.0,0.743,0.5710000000000001,-6.053999999999999,0.145,0.24,0.0,0.29100000000000004,0.495,119.054,213863.0,4.0,72.0,2016.0,0,1,0,2,2,6,3,5
190.0,188913.0,0.569,0.77,-7.183,0.0539,0.0163,0.0,0.10300000000000001,0.858,170.012,187000.0,4.0,0.0,2020.0,0,2,3,3,3,1,0,0
198.0,166716.0,0.34600000000000003,0.769,-7.224,0.109,0.00829,0.0,0.0815,0.163,150.589,250267.0,4.0,69.0,2017.0,0,1,0,2,2,5,2,6
182.0,20239.0,0.49,0.8909999999999999,-3.1010000000000004,0.0646,0.00758,0.0,0.162,0.306,126.223,183026.0,4.0,0.0,2018.0,0,2,3,3,3,1,0,2
171.0,222020.0,0.762,0.705,-5.195,0.16399999999999998,0.0906,0.0,0.17,0.264,122.955,142893.0,4.0,67.0,2018.0,0,1,2,2,2,5,2,6
190.0,22187.0,0.6459999999999999,0.64,-6.522,0.0424,0.0348,0.0,0.10800000000000001,0.882,134.03,216041.0,4.0,71.0,2017.0,0,1,0,2,1,4,4,4
197.0,37290.0,0.778,0.9590000000000001,-4.29,0.1,0.000334,0.561,0.299,0.9620000000000001,140.02700000000002,202286.0,3.0,0.0,2017.0,0,2,3,3,3,1,0,0
51.0,54127.0,0.797,0.731,-4.4430000000000005,0.0479,0.22899999999999998,0.0,0.22399999999999998,0.623,146.93,228387.0,4.0,66.0,2018.0,0,1,2,4,0,3,6,3
191.0,21769.0,0.818,0.654,-8.818999999999997,0.0301,0.0124,4.3e-05,0.11699999999999999,0.961,124.985,239305.0,4.0,0.0,2018.0,0,2,3,3,3,1,0,0
196.0,16863.0,0.6829999999999999,0.805,-10.270999999999999,0.0348,0.0238,0.18899999999999997,0.0502,0.938,138.349,172213.0,4.0,23.0,1985.0,0,2,3,3,3,1,0,0
179.0,175992.0,0.835,0.626,-5.8329999999999975,0.125,0.0589,5.9999999999999995e-05,0.396,0.35,91.03,217925.0,4.0,78.0,2018.0,0,1,2,2,2,5,2,6
49.0,55739.0,0.763,0.628,-5.85,0.05,0.0531,0.0,0.114,0.193,140.958,190557.0,4.0,80.0,2018.0,0,1,2,4,0,3,6,3
197.0,184519.0,0.634,0.6679999999999999,-5.4879999999999995,0.0291,0.14,0.0,0.21600000000000005,0.635,80.98899999999998,224627.0,4.0,64.0,2018.0,0,1,2,2,1,5,2,6
163.0,44422.0,0.6609999999999999,0.8,-9.244,0.0359,0.0897,0.000152,0.0535,0.879,119.15899999999999,301907.0,4.0,26.0,1987.0,0,2,3,3,3,1,0,0
195.0,16437.0,0.713,0.526,-5.046,0.032,0.0076700000000000015,0.000148,0.124,0.131,131.05,262693.0,4.0,76.0,2015.0,0,1,0,2,2,6,3,5
185.0,22958.0,0.759,0.245,-6.545,0.138,0.515,0.000154,0.102,0.209,96.992,237507.0,4.0,59.0,2016.0,1,0,1,1,4,0,7,1
196.0,16093.0,0.415,0.867,-5.497000000000001,0.0387,5.6899999999999994e-05,0.000192,0.0883,0.36,157.90200000000004,249987.0,4.0,57.0,2009.0,0,1,0,2,2,4,5,8
189.0,19800.0,0.843,0.359,-7.4170000000000025,0.461,0.069,0.0,0.12,0.156,81.98700000000002,163944.0,4.0,70.0,2016.0,0,1,0,2,2,6,3,5
114.0,62103.0,0.33299999999999996,0.8590000000000001,-2.286,0.14800000000000002,0.0185,0.0,0.22,0.125,86.882,332530.0,4.0,48.0,2009.0,0,1,0,2,2,6,5,8
190.0,21105.0,0.45399999999999996,0.893,-5.431,0.0394,0.0121,0.0,0.10300000000000001,0.32899999999999996,124.429,258360.0,4.0,38.0,1998.0,0,2,3,3,3,4,5,8
189.0,131641.0,0.779,0.455,-15.025,0.28,0.0542,0.0,0.177,0.19699999999999998,140.181,153429.0,4.0,60.0,2016.0,0,1,0,2,2,5,2,6
58.0,93147.0,0.507,0.988,-3.877,0.133,0.0658,0.006,0.33299999999999996,0.48200000000000004,100.74700000000001,268200.0,4.0,26.0,1990.0,0,2,2,4,0,3,6,3
138.0,54926.0,0.723,0.303,-14.889000000000001,0.0473,0.7879999999999999,0.00704,0.0713,0.628,87.07799999999996,247400.0,4.0,38.0,1996.0,1,0,1,1,4,0,7,1
190.0,22514.0,0.5660000000000001,0.341,-16.846,0.0723,0.36200000000000004,3.39e-05,0.11800000000000001,0.67,85.334,221533.0,4.0,20.0,1981.0,1,2,3,3,3,1,0,2
194.0,20057.0,0.622,0.5710000000000001,-5.337999999999999,0.0493,0.0458,0.0,0.122,0.635,81.059,225013.0,4.0,55.0,2016.0,0,1,0,2,1,4,4,4
55.0,51474.0,0.866,0.648,-3.675,0.0543,0.009000000000000001,0.0,0.0967,0.0798,150.058,140793.0,4.0,65.0,2017.0,0,1,2,4,0,3,6,3
91.0,36880.0,0.635,0.42200000000000004,-14.265,0.0297,0.306,0.9520000000000001,0.146,0.155,125.715,265259.0,4.0,0.0,2021.0,1,2,3,0,5,2,1,7
199.0,19340.0,0.48700000000000004,0.7290000000000001,-6.815,0.271,0.0538,4.07e-06,0.44,0.217,91.04799999999999,350120.0,4.0,64.0,2012.0,0,1,0,2,2,6,5,5
199.0,21544.0,0.659,0.295,-8.527999999999999,0.0322,0.426,6.95e-05,0.0795,0.36,74.03699999999998,277297.0,4.0,61.0,2016.0,1,0,1,1,4,0,3,5
183.0,20345.0,0.524,0.364,-10.209,0.0367,0.8079999999999999,0.0,0.1,0.436,75.24,209831.0,4.0,78.0,2017.0,1,0,1,1,4,0,7,1
199.0,38983.0,0.65,0.736,-5.84,0.22899999999999998,0.0528,0.0,0.235,0.613,159.173,226160.0,4.0,74.0,2016.0,0,1,0,2,1,4,4,4
200.0,33717.0,0.731,0.33799999999999997,-12.499,0.0523,0.764,0.898,0.293,0.525,92.516,327453.0,4.0,40.0,1985.0,1,0,1,0,5,2,1,7
185.0,21896.0,0.9570000000000001,0.392,-5.501,0.146,0.225,8.03e-05,0.0905,0.605,130.05,90702.0,4.0,0.0,1941.0,0,2,3,3,3,1,0,2
186.0,19432.0,0.6890000000000001,0.603,-9.43,0.0384,0.0601,0.0,0.0611,0.57,127.559,292240.0,4.0,54.0,2001.0,0,1,0,2,1,4,4,4
190.0,184111.0,0.5539999999999999,0.371,-9.104,0.0361,0.855,0.0,0.0838,0.245,199.828,191813.0,4.0,2.0,2021.0,1,0,1,1,4,0,7,1
110.0,62532.0,0.6409999999999999,0.922,-4.457,0.0786,0.0291,0.0,0.0862,0.847,146.078,258343.0,4.0,82.0,2012.0,0,1,2,4,0,4,6,4
162.0,42139.0,0.45299999999999996,0.672,-13.044,0.0462,0.0129,0.00763,0.183,0.521,120.929,366707.0,4.0,23.0,1970.0,0,2,3,3,3,1,0,2
137.0,192517.0,0.674,0.5579999999999999,-11.727,0.0384,0.00859,0.0635,0.266,0.7020000000000001,111.99,274339.0,4.0,0.0,2016.0,0,2,3,3,3,1,0,0
195.0,39376.0,0.439,0.9470000000000001,-3.491,0.122,0.006670000000000001,7.36e-06,0.364,0.6709999999999999,88.219,194560.0,4.0,37.0,2002.0,0,2,3,3,1,4,5,8
196.0,20572.0,0.35700000000000004,0.5329999999999999,-8.126,0.0777,0.723,0.0,0.10099999999999999,0.318,138.086,222912.0,4.0,61.0,2018.0,1,0,1,1,4,0,7,1
181.0,173077.0,0.6629999999999999,0.735,-5.14,0.0395,0.0222,2.17e-06,0.124,0.5660000000000001,90.101,183173.0,4.0,36.0,1996.0,0,2,3,3,3,5,2,6
197.0,14954.0,0.779,0.6940000000000001,-9.376,0.2,0.281,1.36e-05,0.109,0.569,82.861,161827.0,4.0,60.0,2016.0,0,1,0,2,1,6,4,4
199.0,20268.0,0.67,0.7,-7.893,0.196,0.5760000000000001,5.34e-06,0.226,0.648,69.986,160293.0,4.0,63.0,2017.0,0,1,0,2,1,4,4,4
146.0,47466.0,0.451,0.951,-3.7539999999999996,0.0645,0.00037999999999999997,2.39e-06,0.261,0.442,162.065,213933.0,4.0,55.0,2003.0,0,1,0,2,1,4,5,8
194.0,38109.0,0.457,0.838,-3.7939999999999996,0.0348,0.0002,0.000102,0.888,0.359,85.98899999999998,214267.0,4.0,57.0,2011.0,0,1,0,2,1,4,5,8
176.0,194983.0,0.534,0.563,-8.975,0.0601,0.35600000000000004,1.37e-06,0.574,0.414,124.149,336413.0,3.0,37.0,1995.0,0,2,2,2,1,5,2,6
199.0,35115.0,0.6709999999999999,0.9159999999999999,-4.013999999999999,0.0397,0.0282,0.00762,0.24,0.8029999999999999,126.01,189127.0,4.0,69.0,2016.0,0,1,0,2,1,4,4,4
195.0,21736.0,0.763,0.726,-6.405,0.282,0.259,0.0,0.0976,0.349,139.059,126346.0,4.0,65.0,2017.0,0,1,0,2,2,6,3,5
194.0,163809.0,0.7979999999999999,0.568,-9.072000000000001,0.135,0.0213,0.0,0.0586,0.45,148.88,193911.0,3.0,72.0,2016.0,0,1,2,2,2,5,2,6
162.0,163667.0,0.875,0.6729999999999999,-4.184,0.0932,0.135,0.0,0.292,0.231,130.0,222600.0,4.0,60.0,2015.0,0,1,2,2,2,5,2,6
200.0,18729.0,0.44799999999999995,0.23800000000000002,-21.636,0.0346,0.878,0.872,0.131,0.516,129.287,251760.0,4.0,26.0,1974.0,1,0,1,0,5,2,1,7
199.0,42271.0,0.7340000000000001,0.637,-5.6770000000000005,0.141,0.0462,2.2899999999999998e-05,0.0602,0.648,169.977,202333.0,4.0,83.0,2015.0,0,1,0,2,1,6,4,4
200.0,39058.0,0.638,0.523,-6.664,0.35700000000000004,0.00454,0.0,0.0842,0.42200000000000004,139.91299999999998,185947.0,4.0,77.0,2017.0,0,1,0,2,2,6,3,5
97.0,34039.0,0.743,0.34700000000000003,-11.174000000000001,0.121,0.16699999999999998,0.00951,0.10300000000000001,0.5720000000000001,160.143,326933.0,4.0,82.0,2016.0,0,1,2,4,0,3,6,3
199.0,18218.0,0.85,0.405,-7.508999999999999,0.225,0.11900000000000001,0.000118,0.0707,0.344,139.976,190312.0,4.0,68.0,2016.0,0,1,0,2,2,6,3,5
7.0,118031.0,0.6459999999999999,0.6659999999999999,-12.690999999999999,0.0465,0.125,1.5399999999999998e-05,0.062,0.73,109.175,255827.0,4.0,31.0,1978.0,0,2,2,4,0,3,6,3
156.0,25910.0,0.6629999999999999,0.9229999999999999,-7.091,0.04,0.0272,0.0015300000000000001,0.22399999999999998,0.924,115.736,259027.0,4.0,44.0,1995.0,0,2,3,3,1,4,4,0
190.0,17970.0,0.7509999999999999,0.642,-5.165,0.087,0.0861,0.0,0.0953,0.38799999999999996,95.045,169567.0,4.0,73.0,2018.0,0,1,0,2,2,6,3,5
146.0,53161.0,0.645,0.48,-8.355,0.0328,0.24,0.0191,0.0911,0.424,96.963,204747.0,4.0,56.0,2021.0,0,1,0,2,2,6,3,5
149.0,23745.0,0.868,0.657,-4.853,0.113,0.0158,0.0,0.0995,0.436,162.86700000000005,191410.0,4.0,64.0,2017.0,0,1,0,2,2,6,3,5
154.0,51504.0,0.9079999999999999,0.621,-6.638,0.102,0.00028199999999999997,5.39e-05,0.0958,0.42100000000000004,150.011,177000.0,4.0,82.0,2017.0,0,1,0,2,2,6,3,5
129.0,21722.0,0.6459999999999999,0.86,-5.524,0.0432,0.022000000000000002,0.0,0.091,0.8909999999999999,135.987,195265.0,4.0,0.0,2010.0,0,2,3,3,3,1,0,0
182.0,161890.0,0.831,0.47,-7.48,0.425,0.0371,0.0,0.14400000000000002,0.33899999999999997,75.47399999999998,242307.0,4.0,62.0,2017.0,0,1,2,2,2,5,2,6
177.0,24631.0,0.778,0.5489999999999999,-6.144,0.0473,0.0549,0.0,0.0724,0.802,133.041,186040.0,4.0,62.0,2014.0,0,1,0,2,1,4,4,4
182.0,169182.0,0.7809999999999999,0.526,-6.9860000000000015,0.293,0.0633,0.0,0.0457,0.665,94.993,235613.0,4.0,68.0,2012.0,0,1,2,2,1,5,2,6
176.0,19326.0,0.632,0.532,-7.86,0.0249,0.163,7.71e-06,0.114,0.614,90.064,237000.0,4.0,0.0,2020.0,0,2,3,3,3,1,0,2
161.0,38435.0,0.377,0.9420000000000001,-4.543,0.07,0.0009199999999999999,8.88e-05,0.126,0.348,129.955,254973.0,4.0,57.0,2009.0,0,1,0,2,1,4,5,8
200.0,40378.0,0.732,0.75,-6.3660000000000005,0.231,0.00264,0.0,0.109,0.401,155.096,182707.0,4.0,83.0,2017.0,0,1,0,2,2,6,3,5
180.0,37305.0,0.648,0.7829999999999999,-5.14,0.0276,0.00133,0.00112,0.102,0.27699999999999997,120.094,206000.0,4.0,0.0,2020.0,0,2,3,3,3,1,0,2
63.0,46821.0,0.851,0.621,-4.184,0.0675,0.0545,0.0,0.336,0.691,94.73899999999999,229195.0,4.0,11.0,2020.0,0,2,3,3,3,1,0,0
177.0,177434.0,0.693,0.594,-6.4079999999999995,0.0325,0.13,0.0,0.115,0.192,123.932,244107.0,4.0,58.0,2007.0,0,1,2,2,2,5,2,6
183.0,20874.0,0.527,0.8809999999999999,-9.026,0.036000000000000004,0.0497,0.000778,0.165,0.934,108.42399999999999,233787.0,4.0,39.0,1992.0,0,2,3,3,1,4,4,0
189.0,19277.0,0.44799999999999995,0.7020000000000001,-6.9979999999999976,0.028999999999999998,0.000331,0.0,0.12300000000000001,0.349,147.95,223000.0,4.0,0.0,2020.0,0,2,3,3,3,1,0,2
121.0,209865.0,0.8240000000000001,0.836,-5.903,0.0404,0.00521,0.000817,0.11199999999999999,0.716,122.014,220640.0,4.0,68.0,2009.0,0,1,2,4,0,5,2,6
126.0,252844.0,0.304,0.502,-6.7070000000000025,0.035,0.313,0.0011,0.138,0.204,136.779,298520.0,4.0,55.0,2005.0,0,1,2,4,0,5,2,6
172.0,41442.0,0.624,0.8759999999999999,-3.3739999999999997,0.1,0.0735,0.0,0.327,0.7809999999999999,99.943,170827.0,4.0,78.0,2017.0,0,1,0,2,1,4,4,4
174.0,21377.0,0.812,0.628,-6.164,0.0682,0.0634,0.0,0.254,0.485,123.00399999999999,207059.0,4.0,71.0,2017.0,0,1,0,2,2,6,3,5
198.0,19898.0,0.757,0.882,-6.125,0.248,0.0763,0.0,0.251,0.684,140.047,219320.0,4.0,58.0,2014.0,0,1,0,2,1,4,4,4
190.0,20663.0,0.831,0.8140000000000001,-5.18,0.474,0.391,0.0,0.109,0.846,161.041,214854.0,4.0,60.0,2017.0,0,1,0,2,1,4,4,4
128.0,206093.0,0.638,0.8320000000000001,-5.039,0.049,0.141,0.0,0.113,0.648,124.071,227893.0,4.0,49.0,2010.0,0,1,2,4,0,5,2,6
99.0,33370.0,0.586,0.525,-7.162999999999999,0.0615,0.111,0.0,0.134,0.508,133.629,260253.0,4.0,66.0,2016.0,0,1,2,4,0,3,6,3
154.0,20424.0,0.22399999999999998,0.387,-9.022,0.0287,0.532,0.00548,0.0689,0.0395,104.566,262533.0,5.0,59.0,2014.0,1,0,1,1,4,0,7,1
196.0,29569.0,0.679,0.40700000000000003,-7.778,0.0302,0.6990000000000001,0.0,0.122,0.195,111.814,232600.0,4.0,61.0,2016.0,1,0,1,1,4,0,7,1
183.0,21138.0,0.545,0.882,-4.864,0.11900000000000001,0.000169,0.0368,0.332,0.595,122.259,206200.0,4.0,57.0,1998.0,0,1,0,2,1,4,5,8
189.0,17426.0,0.257,0.945,-6.4179999999999975,0.10099999999999999,0.00856,0.35100000000000003,0.0597,0.044000000000000004,81.186,227160.0,4.0,19.0,1983.0,0,2,3,3,3,1,5,8
194.0,168428.0,0.439,0.154,-16.315,0.0281,0.841,5.81e-06,0.141,0.327,82.58200000000002,130133.0,4.0,16.0,1966.0,1,0,1,1,4,0,7,1
200.0,26513.0,0.703,0.768,-5.069,0.0339,0.0339,1.3e-06,0.0328,0.7859999999999999,95.98299999999999,181674.0,4.0,66.0,2020.0,0,1,0,2,1,4,4,4
186.0,36498.0,0.768,0.3670000000000001,-9.979,0.0879,0.308,0.0,0.10400000000000001,0.436,97.01100000000001,294680.0,4.0,36.0,2002.0,0,1,0,2,2,6,3,5
194.0,18645.0,0.68,0.46799999999999997,-11.128,0.0947,0.0311,0.0,0.207,0.348,84.994,297933.0,4.0,50.0,2011.0,0,1,0,2,2,6,3,5
155.0,46238.0,0.685,0.8029999999999999,-4.251,0.156,0.0601,0.0,0.546,0.799,107.005,205280.0,4.0,69.0,2004.0,0,1,0,2,1,4,4,4
184.0,21373.0,0.831,0.7829999999999999,-6.718999999999999,0.0527,0.079,1.27e-06,0.35,0.7709999999999999,140.046,218440.0,4.0,53.0,2013.0,0,1,0,2,1,4,4,4
197.0,128120.0,0.8240000000000001,0.733,-5.474,0.0613,0.0362,0.0,0.325,0.395,97.97200000000001,284387.0,4.0,75.0,2015.0,0,1,0,2,2,5,2,6
197.0,22774.0,0.698,0.763,-6.479,0.193,0.0112,0.0,0.19,0.48100000000000004,92.43,208000.0,4.0,0.0,2020.0,0,2,3,3,3,1,0,2
190.0,165032.0,0.441,0.21899999999999997,-14.585999999999999,0.0419,0.935,0.0,0.115,0.244,94.021,199120.0,4.0,75.0,2017.0,1,0,1,1,4,0,7,1
191.0,35652.0,0.688,0.5329999999999999,-8.363,0.0865,0.0355,3.48e-06,0.172,0.5670000000000001,164.06900000000005,223079.0,4.0,69.0,2015.0,0,1,0,2,2,6,4,4
172.0,19452.0,0.588,0.47100000000000003,-7.287000000000001,0.0577,0.5920000000000001,0.00146,0.0733,0.209,152.881,242081.0,4.0,69.0,2016.0,1,0,1,1,4,0,7,1
155.0,24842.0,0.16699999999999998,0.883,-7.775,0.0671,0.0004969999999999999,0.0012699999999999999,0.0788,0.31,159.917,209107.0,4.0,0.0,1993.0,0,2,3,3,3,1,5,2
196.0,23995.0,0.813,0.528,-6.305,0.313,0.0715,0.0,0.125,0.131,79.532,207039.0,4.0,69.0,2017.0,0,1,0,2,2,6,3,5
25.0,72776.0,0.904,0.518,-5.32,0.183,0.0305,0.0,0.325,0.188,137.996,303077.0,4.0,74.0,2018.0,0,1,2,4,0,3,6,3
191.0,144431.0,0.7859999999999999,0.583,-7.415,0.0393,0.0552,1.84e-06,0.326,0.22899999999999998,120.024,228000.0,4.0,60.0,2016.0,0,1,0,2,2,5,2,6
194.0,20323.0,0.585,0.521,-6.6339999999999995,0.0266,0.698,0.0,0.0936,0.7509999999999999,94.669,151000.0,4.0,11.0,1959.0,1,0,1,1,4,0,7,1
191.0,17418.0,0.624,0.424,-8.237,0.24,0.28600000000000003,0.0,0.17300000000000001,0.584,76.671,206013.0,4.0,68.0,2016.0,0,1,0,2,2,6,4,4
47.0,125168.0,0.6809999999999999,0.3720000000000001,-8.237,0.0432,0.64,0.0,0.16899999999999998,0.47600000000000003,91.87299999999999,201000.0,4.0,74.0,2017.0,1,0,2,4,0,3,6,3
199.0,18810.0,0.493,0.977,-6.86,0.147,0.0219,0.313,0.11,0.135,137.951,197391.0,4.0,16.0,2020.0,0,2,3,3,3,1,5,2
192.0,205964.0,0.498,0.754,-4.8660000000000005,0.0438,0.36,0.0,0.11900000000000001,0.39299999999999996,130.05700000000002,260427.0,4.0,0.0,2011.0,0,2,3,3,3,1,0,2
200.0,16865.0,0.581,0.925,-1.99,0.455,0.168,6.51e-06,0.49,0.515,84.921,301840.0,4.0,54.0,2013.0,0,1,0,2,1,4,4,4
196.0,19925.0,0.7120000000000001,0.679,-8.137,0.247,0.0026899999999999997,0.0,0.196,0.491,170.076,330200.0,4.0,32.0,1995.0,0,2,3,3,3,1,0,2
176.0,17537.0,0.252,0.9129999999999999,-5.807,0.085,0.00126,0.0013800000000000002,0.11599999999999999,0.451,174.5,235013.0,4.0,34.0,1996.0,0,2,3,3,3,4,5,8
179.0,32053.0,0.204,0.157,-12.147,0.0327,0.956,0.0117,0.125,0.0668,80.574,240227.0,4.0,48.0,2011.0,1,0,1,1,4,0,7,1
159.0,185027.0,0.7140000000000001,0.62,-5.045,0.29600000000000004,0.223,0.0,0.109,0.73,80.109,276347.0,4.0,68.0,2016.0,0,1,2,4,1,5,2,6
199.0,17775.0,0.525,0.48100000000000004,-6.715,0.0251,0.302,0.0,0.121,0.237,75.97399999999998,289000.0,5.0,58.0,2003.0,0,1,0,2,2,6,3,5
182.0,44592.0,0.649,0.17,-16.757,0.0616,0.871,2.48e-06,0.41,0.345,106.99799999999999,186333.0,4.0,21.0,1963.0,1,0,1,1,4,0,7,1
127.0,58229.0,0.369,0.868,-4.81,0.0566,0.00118,0.0415,0.0901,0.76,166.021,208013.0,4.0,45.0,2008.0,0,2,3,3,1,4,5,8
194.0,21674.0,0.368,0.7959999999999999,-4.923,0.0823,0.0157,0.0,0.0694,0.18100000000000002,170.033,214427.0,4.0,74.0,2017.0,0,1,0,2,2,6,5,8
178.0,23119.0,0.785,0.62,-6.6670000000000025,0.254,0.0138,0.0,0.15,0.478,78.477,235535.0,4.0,74.0,2017.0,0,1,0,2,2,6,3,5
80.0,73219.0,0.513,0.625,-4.822,0.0436,0.5920000000000001,3.9399999999999995e-05,0.12,0.408,137.863,281373.0,4.0,46.0,2007.0,1,0,2,4,0,3,6,3
173.0,39443.0,0.8540000000000001,0.733,-5.919,0.17,0.23399999999999999,0.0775,0.11199999999999999,0.9620000000000001,124.368,249160.0,4.0,25.0,1982.0,0,2,3,3,3,1,0,0
78.0,39278.0,0.92,0.674,-5.662000000000001,0.264,0.307,0.0,0.10400000000000001,0.741,141.967,304041.0,4.0,72.0,2017.0,0,1,2,4,0,3,6,3
156.0,50068.0,0.5720000000000001,0.419,-7.9910000000000005,0.024,0.737,1.4999999999999999e-05,0.11,0.209,146.409,311427.0,4.0,51.0,2002.0,1,0,1,1,4,0,7,1
186.0,18900.0,0.531,0.544,-8.615,0.462,0.308,1.89e-06,0.0835,0.39799999999999996,131.921,203794.0,4.0,60.0,2016.0,0,1,0,2,2,6,3,5
82.0,37876.0,0.665,0.498,-8.185,0.0832,0.228,0.0,0.0757,0.127,81.96700000000001,179613.0,4.0,78.0,2016.0,0,1,2,4,0,3,6,3
180.0,23960.0,0.545,0.826,-4.651,0.0491,0.138,0.0,0.33799999999999997,0.48700000000000004,140.02,213238.0,4.0,58.0,2012.0,0,1,0,2,1,4,5,8
149.0,180380.0,0.586,0.8270000000000001,-5.102,0.15,0.0037,0.0,0.32799999999999996,0.508,123.905,260253.0,4.0,53.0,2011.0,0,1,2,2,1,5,2,6
173.0,45736.0,0.728,0.563,-8.052999999999999,0.134,0.621,0.0,0.179,0.35200000000000004,100.01700000000001,217707.0,4.0,68.0,2016.0,1,0,1,1,4,0,7,1
170.0,19983.0,0.40299999999999997,0.264,-20.088,0.0659,0.6559999999999999,0.00735,0.23600000000000002,0.4,92.338,310453.0,4.0,0.0,2010.0,1,0,1,1,4,0,7,1
158.0,39437.0,0.4920000000000001,0.9840000000000001,-3.1910000000000003,0.0945,0.00023700000000000001,0.0353,0.33299999999999996,0.331,145.012,275968.0,4.0,54.0,2013.0,0,1,0,2,1,4,5,8
198.0,15433.0,0.319,0.0986,-19.954,0.0332,0.5820000000000001,4.9000000000000005e-06,0.136,0.273,84.54,177160.0,4.0,25.0,1987.0,1,0,1,1,4,0,7,1
195.0,30142.0,0.375,0.93,-2.6310000000000002,0.0561,0.00064,0.0,0.318,0.491,147.124,176387.0,4.0,79.0,2017.0,0,1,0,2,1,4,5,8
53.0,52463.0,0.598,0.754,-2.6860000000000004,0.0497,0.0026,0.0,0.261,0.7709999999999999,104.619,146133.0,4.0,55.0,2015.0,0,1,2,4,0,3,6,3
193.0,22511.0,0.877,0.391,-8.196,0.063,0.0317,0.000502,0.0945,0.122,131.018,189230.0,4.0,68.0,2017.0,0,1,0,2,2,6,3,5
185.0,38547.0,0.439,0.8740000000000001,-4.165,0.0299,0.00571,0.0,0.17600000000000002,0.527,150.036,207240.0,4.0,56.0,2007.0,0,1,0,2,1,4,5,8
156.0,21294.0,0.725,0.19899999999999998,-12.478,0.0357,0.982,0.00395,0.1,0.264,120.031,195359.0,3.0,77.0,2020.0,1,0,1,1,4,0,7,1
192.0,34918.0,0.792,0.866,-5.0889999999999995,0.0356,0.009170000000000001,5.99e-05,0.17800000000000002,0.18600000000000005,125.97200000000001,147615.0,4.0,0.0,2020.0,0,2,3,3,3,1,0,2
199.0,149475.0,0.584,0.204,-18.617,0.0345,0.185,0.644,0.545,0.32899999999999996,94.77799999999999,309987.0,4.0,26.0,1979.0,1,2,3,0,5,2,1,7
200.0,35031.0,0.639,0.785,-6.1670000000000025,0.174,0.0174,0.00107,0.0512,0.6859999999999999,191.95,210920.0,4.0,66.0,2016.0,0,1,0,2,1,4,4,4
198.0,21595.0,0.41700000000000004,0.58,-4.574,0.207,0.0307,1.45e-06,0.179,0.139,68.58,246773.0,4.0,73.0,2016.0,0,1,0,2,2,6,3,5
181.0,18549.0,0.665,0.47600000000000003,-8.477,0.13699999999999998,0.113,0.0,0.33,0.385,84.881,189853.0,4.0,18.0,2020.0,0,2,3,3,3,1,0,2
108.0,63690.0,0.6990000000000001,0.68,-8.228,0.0599,0.22399999999999998,0.0,0.0529,0.857,113.889,174347.0,4.0,41.0,1981.0,0,2,2,4,1,4,4,0
179.0,16705.0,0.616,0.457,-6.761,0.034,0.14800000000000002,0.0,0.125,0.20800000000000002,119.646,245947.0,4.0,46.0,2006.0,0,1,0,2,2,6,3,5
190.0,33050.0,0.447,0.0299,-25.006999999999998,0.0367,0.982,0.841,0.0736,0.18600000000000005,70.893,274280.0,4.0,51.0,2009.0,1,0,1,0,5,2,1,7
197.0,150441.0,0.8440000000000001,0.716,-8.082,0.0823,0.0349,6.7e-05,0.41200000000000003,0.835,116.73899999999999,401040.0,4.0,29.0,1982.0,0,2,3,3,3,1,0,0
113.0,54335.0,0.58,0.7020000000000001,-5.565,0.0337,0.0466,3.2e-06,0.536,0.299,105.07600000000001,208960.0,4.0,52.0,2000.0,0,1,2,2,1,4,5,8
174.0,19317.0,0.611,0.603,-7.468,0.0269,0.0109,2.17e-06,0.332,0.466,125.88600000000001,206867.0,4.0,0.0,2020.0,0,2,3,3,3,1,0,2
176.0,173760.0,0.687,0.7709999999999999,-4.4239999999999995,0.0384,0.16399999999999998,2.46e-05,0.11199999999999999,0.445,129.964,231147.0,4.0,56.0,2008.0,0,1,2,2,1,5,2,6
192.0,38491.0,0.833,0.434,-8.795,0.431,0.0102,0.0219,0.165,0.281,150.062,204600.0,4.0,80.0,2017.0,0,1,0,2,2,6,3,5
184.0,41781.0,0.28800000000000003,0.752,-5.942,0.0338,0.0324,0.0,0.0802,0.39899999999999997,171.417,307373.0,4.0,31.0,1994.0,0,2,3,3,3,1,5,8
152.0,40668.0,0.276,0.201,-16.526,0.0346,0.9520000000000001,0.0,0.0898,0.0989,161.053,239640.0,4.0,9.0,1960.0,1,0,1,1,4,0,7,1
127.0,28163.0,0.529,0.607,-6.7810000000000015,0.0574,0.10400000000000001,0.0,0.0631,0.23800000000000002,101.96600000000001,234107.0,4.0,74.0,2017.0,0,1,0,2,2,6,3,5
195.0,143234.0,0.418,0.7240000000000001,-3.7239999999999998,0.0964,0.213,0.0,0.11199999999999999,0.604,78.521,238320.0,5.0,75.0,2015.0,0,1,0,2,1,5,2,6
79.0,38411.0,0.797,0.5329999999999999,-9.74,0.0412,0.0172,0.000152,0.10300000000000001,0.32899999999999996,131.036,146520.0,4.0,83.0,2017.0,0,1,2,4,0,3,6,3
156.0,24774.0,0.44799999999999995,0.826,-3.2439999999999998,0.0319,0.007559999999999998,0.0,0.11699999999999999,0.19,77.093,254805.0,4.0,65.0,2018.0,0,1,0,2,2,6,5,8
200.0,37107.0,0.759,0.401,-8.999,0.259,0.86,0.0,0.299,0.5760000000000001,100.126,232627.0,4.0,6.0,2021.0,1,0,1,1,4,0,7,1
179.0,18844.0,0.73,0.7,-8.648,0.0344,0.0966,0.000144,0.114,0.961,117.63,239627.0,4.0,38.0,2002.0,0,2,3,3,1,4,4,0
158.0,45743.0,0.524,0.9390000000000001,-3.9939999999999998,0.113,0.00022,0.0,0.623,0.6609999999999999,150.184,184867.0,4.0,44.0,2000.0,0,2,3,3,1,4,5,8
14.0,92415.0,0.88,0.428,-8.28,0.20600000000000002,0.149,5.07e-05,0.114,0.33299999999999996,100.007,172800.0,4.0,81.0,2017.0,0,1,2,4,0,3,6,3
135.0,27502.0,0.63,0.764,-5.5829999999999975,0.0299,0.113,0.0,0.0487,0.556,125.152,183400.0,4.0,24.0,1978.0,0,2,3,3,3,1,0,0
195.0,17231.0,0.736,0.526,-13.542,0.027000000000000003,0.139,1.49e-05,0.0648,0.95,98.00399999999999,245853.0,4.0,20.0,1978.0,0,2,3,3,3,1,0,0
197.0,40700.0,0.44,0.415,-12.097000000000001,0.0468,0.6990000000000001,0.12,0.102,0.33299999999999996,76.637,423227.0,4.0,21.0,1973.0,1,0,1,1,4,0,7,1
180.0,20865.0,0.6729999999999999,0.46299999999999997,-7.247000000000001,0.191,0.6809999999999999,4.9000000000000005e-06,0.0907,0.268,147.981,277521.0,4.0,69.0,2017.0,1,0,1,1,4,0,7,1
109.0,57964.0,0.503,0.688,-8.072000000000001,0.0282,0.00121,0.0434,0.09699999999999999,0.273,122.07799999999999,267293.0,4.0,23.0,2007.0,0,2,3,3,3,1,5,2
200.0,34759.0,0.8440000000000001,0.8640000000000001,-4.4830000000000005,0.0348,0.0339,0.21600000000000005,0.386,0.7959999999999999,104.99700000000001,226308.0,4.0,64.0,2014.0,0,1,0,2,1,4,4,4
140.0,27182.0,0.8420000000000001,0.597,-6.336,0.0627,0.00252,0.0,0.124,0.298,145.99200000000005,215307.0,4.0,74.0,2017.0,0,1,0,2,2,6,3,5
193.0,15794.0,0.537,0.5870000000000001,-7.4860000000000015,0.0771,0.0275,0.0,0.0961,0.365,149.748,221920.0,4.0,65.0,2016.0,0,1,0,2,2,6,3,5
200.0,41494.0,0.612,0.28,-8.648,0.0434,0.932,0.0,0.08800000000000001,0.387,72.795,213827.0,4.0,83.0,2012.0,1,0,1,1,4,0,7,1
177.0,194786.0,0.741,0.7609999999999999,-3.8710000000000004,0.0512,0.235,0.0,0.11900000000000001,0.217,81.543,149576.0,4.0,66.0,2017.0,0,1,2,2,2,5,2,6
198.0,16288.0,0.598,0.496,-9.309,0.0804,0.0253,0.00132,0.12,0.725,128.06,202661.0,4.0,61.0,2016.0,0,1,0,2,1,4,4,4
187.0,20034.0,0.76,0.568,-3.92,0.0558,0.505,0.0,0.107,0.414,77.482,221419.0,4.0,65.0,2019.0,1,1,0,2,2,6,3,5
185.0,19197.0,0.8340000000000001,0.433,-9.607000000000001,0.174,0.0258,0.0,0.633,0.22899999999999998,133.938,189853.0,3.0,62.0,2016.0,0,1,0,2,2,6,3,5
32.0,149179.0,0.40299999999999997,0.32799999999999996,-12.372,0.033,0.807,0.785,0.228,0.29100000000000004,113.075,440400.0,4.0,43.0,1996.0,1,0,1,0,5,2,1,7
193.0,35838.0,0.7929999999999999,0.8590000000000001,-3.7739999999999996,0.0332,0.266,0.000356,0.133,0.9640000000000001,129.911,219920.0,4.0,56.0,2008.0,0,2,0,3,1,4,4,4
183.0,40555.0,0.528,0.341,-18.143,0.0553,0.0121,0.9059999999999999,0.511,0.10800000000000001,180.453,259200.0,4.0,47.0,1993.0,0,1,0,0,5,2,1,7
175.0,24707.0,0.28,0.821,-2.864,0.111,0.16699999999999998,0.0,0.139,0.254,181.44400000000002,256163.0,4.0,69.0,2017.0,0,1,0,2,2,6,5,8
197.0,40729.0,0.872,0.391,-9.144,0.242,0.469,4.13e-06,0.297,0.4370000000000001,134.02100000000002,119133.0,4.0,87.0,2017.0,0,1,0,2,2,6,3,5
198.0,19278.0,0.536,0.141,-19.447,0.0389,0.846,0.00103,0.105,0.27699999999999997,121.815,218507.0,4.0,23.0,1976.0,1,0,1,1,4,0,7,1
144.0,20373.0,0.22699999999999998,0.0872,-20.558000000000003,0.0405,0.00026000000000000003,0.684,0.243,0.19,97.49600000000001,58747.0,4.0,0.0,2005.0,1,2,3,0,5,2,1,7
190.0,20248.0,0.595,0.747,-12.899000000000001,0.035,0.281,0.000662,0.175,0.655,134.916,253600.0,4.0,39.0,1981.0,0,2,3,3,1,4,4,4
21.0,83574.0,0.736,0.604,-7.357,0.222,0.0652,6.43e-05,0.124,0.574,155.007,264532.0,4.0,67.0,2017.0,0,1,2,4,0,3,6,3
186.0,30460.0,0.851,0.8059999999999999,-4.62,0.0787,0.11800000000000001,1.64e-06,0.121,0.787,118.999,237200.0,4.0,54.0,2009.0,0,1,0,2,1,4,4,4
193.0,39823.0,0.809,0.46299999999999997,-11.377,0.0396,0.256,0.085,0.109,0.364,111.98,298941.0,4.0,79.0,2017.0,0,1,0,2,2,6,3,5
172.0,182332.0,0.5539999999999999,0.596,-8.214,0.13,0.162,0.0048200000000000005,0.0805,0.255,165.72799999999995,297404.0,4.0,71.0,2018.0,0,1,2,2,2,5,2,6
198.0,18251.0,0.363,0.18600000000000005,-20.125,0.0301,0.0507,0.5710000000000001,0.25,0.0754,88.181,209360.0,4.0,30.0,1990.0,1,2,3,0,5,2,1,7
191.0,19118.0,0.588,0.479,-7.039,0.281,0.604,7.200000000000001e-06,0.527,0.434,150.414,460573.0,4.0,64.0,2017.0,1,0,1,1,4,0,7,1
191.0,19452.0,0.703,0.6609999999999999,-3.885,0.0539,0.0517,0.0,0.34,0.495,149.906,249240.0,4.0,67.0,2017.0,0,1,0,2,1,4,4,4
194.0,19034.0,0.746,0.7979999999999999,-8.382,0.349,0.13699999999999998,0.0,0.139,0.5529999999999999,109.96799999999999,214827.0,4.0,63.0,2017.0,0,1,0,2,1,4,4,4
175.0,23210.0,0.594,0.7490000000000001,-5.297999999999999,0.055999999999999994,0.0338,0.00106,0.3,0.6940000000000001,179.968,172854.0,4.0,74.0,2019.0,0,1,0,2,1,4,4,4
193.0,16527.0,0.637,0.516,-6.0870000000000015,0.0671,0.782,0.0,0.152,0.91,144.588,141000.0,4.0,9.0,1957.0,1,0,1,1,4,0,7,0
146.0,210734.0,0.693,0.504,-8.306000000000001,0.23800000000000002,0.00299,0.0,0.695,0.723,102.139,167600.0,4.0,65.0,2007.0,0,1,2,4,1,5,2,6
197.0,15564.0,0.585,0.564,-7.063,0.0515,0.0671,0.0,0.135,0.13699999999999998,113.00299999999999,242253.0,5.0,84.0,2015.0,0,1,0,2,2,6,3,5
190.0,43871.0,0.792,0.625,-5.609,0.0536,0.007759999999999999,0.0018800000000000002,0.32899999999999996,0.37,103.96700000000001,173987.0,4.0,65.0,2016.0,0,1,0,2,2,6,3,5
43.0,60774.0,0.9259999999999999,0.703,-6.3370000000000015,0.10300000000000001,0.0659,0.0,0.231,0.485,125.022,223713.0,4.0,75.0,2018.0,0,1,2,4,0,3,6,3
199.0,27123.0,0.502,0.7859999999999999,-4.378,0.317,0.255,0.0,0.65,0.7390000000000001,169.021,243491.0,4.0,63.0,2016.0,0,1,0,2,1,4,4,4
197.0,30871.0,0.728,0.616,-4.238,0.0645,0.37799999999999995,0.0,0.105,0.508,99.962,181880.0,4.0,76.0,2016.0,0,1,0,2,2,6,3,5
198.0,35994.0,0.44299999999999995,0.82,-4.091,0.34,0.107,0.0,0.107,0.7709999999999999,82.697,187973.0,3.0,26.0,2020.0,0,2,3,3,3,1,0,0
146.0,242161.0,0.943,0.544,-6.2920000000000025,0.0642,0.0336,0.0,0.0954,0.515,133.012,215423.0,4.0,60.0,2017.0,0,1,2,4,0,5,2,6
141.0,21971.0,0.64,0.743,-4.08,0.0379,0.26899999999999996,0.0,0.10099999999999999,0.361,122.035,262533.0,4.0,81.0,2005.0,0,1,0,2,2,6,3,5
88.0,70092.0,0.512,0.483,-7.797999999999999,0.0298,0.0030399999999999997,0.0011,0.12,0.3670000000000001,160.009,217027.0,4.0,76.0,2020.0,0,1,2,4,0,3,6,3
192.0,20006.0,0.564,0.892,-3.653,0.0401,0.0473,0.000343,0.41200000000000003,0.679,174.021,213887.0,4.0,49.0,2011.0,0,2,3,3,1,4,5,8
195.0,168328.0,0.517,0.705,-8.205,0.364,0.0751,0.0,0.128,0.584,175.90599999999995,239320.0,4.0,79.0,2014.0,0,1,2,2,1,5,2,6
199.0,26780.0,0.462,0.915,-5.733,0.0697,0.000674,0.163,0.145,0.615,97.325,198560.0,4.0,46.0,1998.0,0,2,3,3,1,4,5,8
118.0,53192.0,0.4920000000000001,0.9690000000000001,-4.419,0.0491,0.0014,1.32e-06,0.0787,0.5379999999999999,95.13600000000001,157333.0,4.0,53.0,2000.0,0,1,2,2,1,4,5,8
195.0,39492.0,0.731,0.794,-5.126,0.0522,0.0323,2.59e-05,0.11199999999999999,0.35600000000000004,139.994,220454.0,4.0,76.0,2017.0,0,1,0,2,2,6,3,5
198.0,39274.0,0.818,0.8029999999999999,-4.282,0.0797,0.034,0.0,0.153,0.632,106.97,225983.0,4.0,78.0,2016.0,0,1,0,2,1,4,4,4
159.0,25584.0,0.534,0.39299999999999996,-7.813,0.0292,0.00479,0.0107,0.107,0.0641,110.007,290360.0,4.0,66.0,2007.0,0,1,0,2,2,6,3,5
196.0,17745.0,0.522,0.9309999999999999,-4.32,0.0885,0.00159,0.0,0.57,0.3670000000000001,134.10299999999998,196373.0,4.0,51.0,2008.0,0,1,0,2,1,4,5,8
116.0,61249.0,0.7659999999999999,0.7090000000000001,-6.471,0.12300000000000001,0.204,1.4099999999999999e-05,0.126,0.506,128.07,211853.0,4.0,75.0,2017.0,0,1,2,4,0,3,6,3
179.0,172893.0,0.499,0.0967,-17.163,0.0338,0.915,2.53e-06,0.10300000000000001,0.203,74.168,182867.0,4.0,36.0,1978.0,1,0,1,1,4,0,7,1
173.0,20266.0,0.721,0.726,-4.935,0.24,0.445,0.0,0.055999999999999994,0.769,106.262,213113.0,4.0,0.0,2020.0,0,2,3,3,3,1,0,0
193.0,21527.0,0.8590000000000001,0.563,-6.635,0.11199999999999999,0.0541,0.0,0.0685,0.41200000000000003,119.934,258789.0,4.0,66.0,2017.0,0,1,0,2,2,6,3,5
200.0,185163.0,0.419,0.8340000000000001,-6.5829999999999975,0.0472,2.36e-05,0.5529999999999999,0.36,0.08900000000000001,125.56,358627.0,4.0,41.0,2000.0,0,2,3,0,5,2,1,7
200.0,19514.0,0.741,0.514,-6.856,0.0524,0.0183,0.0578,0.0844,0.0513,142.914,218156.0,4.0,8.0,1951.0,0,2,3,3,3,1,0,2
193.0,18349.0,0.461,0.0262,-23.805,0.0368,0.539,0.00042199999999999996,0.111,0.28300000000000003,112.48899999999999,237427.0,4.0,23.0,1976.0,1,0,1,1,4,0,7,1
197.0,32813.0,0.927,0.665,-5.313,0.244,0.061,0.0,0.12300000000000001,0.175,127.07600000000001,343150.0,4.0,75.0,2017.0,0,1,0,2,2,6,3,5
197.0,31796.0,0.695,0.9209999999999999,-3.752,0.0363,0.00314,5.260000000000001e-05,0.0842,0.7140000000000001,119.007,294573.0,4.0,18.0,2020.0,0,2,3,3,3,1,0,0
34.0,67297.0,0.677,0.616,-13.019,0.0306,0.0404,1.76e-05,0.0704,0.8240000000000001,125.969,229267.0,4.0,25.0,1979.0,0,2,2,4,0,3,6,0
199.0,153845.0,0.8059999999999999,0.77,-6.4639999999999995,0.19,0.0252,0.0,0.0645,0.406,152.094,198110.0,4.0,64.0,2017.0,0,1,0,2,2,5,2,6
185.0,29963.0,0.9279999999999999,0.48100000000000004,-9.35,0.287,0.105,0.0,0.17600000000000002,0.613,134.007,210937.0,4.0,74.0,2017.0,0,1,0,2,2,6,3,4
31.0,68895.0,0.8,0.585,-7.343,0.0924,0.264,0.0,0.153,0.779,126.05799999999999,213400.0,4.0,78.0,2017.0,0,1,2,4,0,3,6,3
36.0,142751.0,0.42100000000000004,0.821,-2.783,0.0372,0.00971,0.0,0.1,0.594,91.245,189173.0,4.0,64.0,2008.0,0,1,2,4,0,3,6,3
161.0,20312.0,0.758,0.79,-5.761,0.0279,0.3,0.0,0.337,0.9640000000000001,101.277,512940.0,4.0,36.0,1994.0,0,2,3,3,1,4,4,0
60.0,90075.0,0.5870000000000001,0.299,-7.365,0.0263,0.779,0.0,0.12300000000000001,0.35600000000000004,94.992,259550.0,3.0,75.0,2017.0,1,0,1,1,4,0,7,1
147.0,23701.0,0.518,0.655,-6.255,0.0826,0.381,0.0,0.271,0.29,156.99200000000005,199682.0,5.0,68.0,2015.0,0,1,0,2,2,6,3,5
28.0,70690.0,0.884,0.34600000000000003,-8.228,0.35100000000000003,0.0151,7.04e-06,0.0871,0.376,75.016,220307.0,4.0,79.0,2017.0,0,1,2,4,0,3,6,3
199.0,16637.0,0.927,0.535,-7.59,0.0911,0.0855,0.0,0.136,0.336,112.96,313573.0,4.0,64.0,2016.0,0,1,0,2,2,6,3,5
190.0,35922.0,0.545,0.366,-9.51,0.0378,0.9690000000000001,0.267,0.6409999999999999,0.1,86.99700000000001,208212.0,3.0,75.0,2015.0,1,0,1,1,4,0,7,1
189.0,18280.0,0.633,0.557,-4.917,0.203,0.16899999999999998,0.0,0.0671,0.623,89.67200000000004,171096.0,4.0,65.0,2017.0,0,1,0,2,1,6,4,4
195.0,22292.0,0.835,0.413,-9.81,0.396,0.373,0.00133,0.10099999999999999,0.111,149.004,258880.0,4.0,72.0,2016.0,0,1,0,2,2,6,3,5
197.0,17454.0,0.836,0.7759999999999999,-0.804,0.239,0.27399999999999997,0.0,0.113,0.37,130.033,222707.0,4.0,61.0,2017.0,0,1,0,2,2,6,3,5
196.0,13859.0,0.475,0.898,-4.776,0.0442,0.00379,0.00108,0.08199999999999999,0.35100000000000003,100.12700000000001,199093.0,4.0,36.0,2003.0,0,2,3,3,3,4,5,8
157.0,46172.0,0.529,0.9670000000000001,-3.647,0.0508,0.114,0.0,0.61,0.596,140.127,166373.0,4.0,72.0,2007.0,0,1,0,2,1,4,5,8
195.0,36588.0,0.722,0.41700000000000004,-6.825,0.0618,0.39,0.0,0.0612,0.451,113.965,176347.0,4.0,1.0,2021.0,1,2,3,3,3,1,0,2
155.0,201499.0,0.736,0.6659999999999999,-4.268,0.0783,0.025,0.000666,0.0682,0.578,92.927,214440.0,4.0,45.0,1999.0,0,1,2,4,1,5,2,6
165.0,17634.0,0.604,0.7879999999999999,-3.673,0.10300000000000001,0.0678,0.153,0.127,0.301,126.06,245040.0,4.0,61.0,2011.0,0,1,0,2,2,6,5,8
196.0,33929.0,0.3,0.985,-6.843999999999999,0.113,0.00079,0.00321,0.0871,0.722,165.799,133440.0,4.0,30.0,1980.0,0,2,3,3,3,4,5,8
176.0,196763.0,0.705,0.21,-14.007,0.0288,0.555,0.88,0.111,0.474,123.961,251200.0,4.0,49.0,1998.0,1,0,1,0,5,2,1,7
194.0,15583.0,0.5479999999999999,0.7559999999999999,-4.175,0.036000000000000004,0.00471,0.0,0.11699999999999999,0.22399999999999998,96.038,281053.0,4.0,45.0,2008.0,0,1,0,2,2,6,5,8
194.0,36723.0,0.504,0.787,-6.6270000000000024,0.0306,0.138,0.0,0.0497,0.7759999999999999,154.748,212000.0,4.0,21.0,1975.0,0,2,3,3,3,1,0,0
167.0,37906.0,0.456,0.945,-11.383,0.0722,0.00144,0.006940000000000001,0.18600000000000005,0.0974,106.76,100440.0,4.0,25.0,1986.0,0,2,3,3,3,1,5,8
199.0,167715.0,0.812,0.621,-8.3,0.0515,0.244,0.0,0.099,0.847,77.998,128157.0,4.0,69.0,2016.0,0,1,2,2,1,5,2,6
158.0,24659.0,0.41700000000000004,0.524,-6.6,0.0326,0.048,0.0,0.10300000000000001,0.152,75.266,238307.0,4.0,62.0,2018.0,0,1,0,2,2,6,3,5
199.0,167766.0,0.494,0.8420000000000001,-4.784,0.0843,0.00579,0.0,0.122,0.574,162.011,229093.0,4.0,78.0,2005.0,0,1,0,2,1,5,2,6
184.0,172394.0,0.316,0.9840000000000001,-6.187,0.131,0.0073599999999999985,1.93e-05,0.0955,0.304,76.819,173507.0,4.0,0.0,2012.0,0,2,3,3,3,1,0,2
192.0,43621.0,0.62,0.574,-7.7879999999999985,0.0479,0.569,0.0,0.19,0.35700000000000004,100.023,250173.0,4.0,79.0,2017.0,1,0,1,1,4,0,3,1
152.0,215162.0,0.915,0.6920000000000001,-7.544,0.0857,0.15,0.00011999999999999999,0.0964,0.713,118.98100000000001,137174.0,4.0,65.0,2017.0,0,1,2,4,0,5,2,6
141.0,53720.0,0.7040000000000001,0.865,-7.99,0.0397,0.0122,0.475,0.0889,0.0927,125.00299999999999,314885.0,4.0,0.0,2020.0,0,2,3,3,3,1,0,2
85.0,37234.0,0.774,0.529,-4.479,0.0532,0.0674,0.0,0.0814,0.22699999999999998,138.072,228431.0,4.0,64.0,2017.0,0,1,2,4,0,3,6,3
199.0,19571.0,0.871,0.647,-14.025,0.1,0.185,0.15,0.105,0.273,119.585,200151.0,4.0,50.0,1992.0,0,1,0,2,2,6,3,5
195.0,21845.0,0.71,0.40399999999999997,-10.04,0.379,0.484,0.0,0.0953,0.39799999999999996,139.553,165853.0,4.0,74.0,2017.0,1,1,0,2,2,6,3,5
173.0,21796.0,0.58,0.33,-14.321,0.027999999999999997,0.927,0.000149,0.20600000000000002,0.40299999999999997,105.10700000000001,172240.0,4.0,39.0,1986.0,1,0,1,1,4,0,7,1
147.0,26506.0,0.8220000000000001,0.502,-7.38,0.14800000000000002,0.0312,0.0008869999999999998,0.114,0.525,73.003,210200.0,4.0,74.0,2017.0,0,1,0,2,2,6,3,5
161.0,218038.0,0.484,0.963,-3.8080000000000003,0.063,0.000531,0.00039,0.294,0.484,96.94200000000001,213667.0,4.0,47.0,2008.0,0,1,2,2,1,5,2,6
193.0,19881.0,0.461,0.0279,-21.991999999999997,0.0412,0.973,0.0022600000000000003,0.16899999999999998,0.354,88.38799999999998,86827.0,4.0,65.0,2017.0,1,0,1,1,4,0,7,1
199.0,19673.0,0.8140000000000001,0.635,-6.609,0.0809,0.0935,0.0,0.0892,0.784,87.581,200774.0,4.0,67.0,2018.0,0,1,0,2,1,4,4,4
199.0,18524.0,0.7170000000000001,0.34700000000000003,-10.265,0.0636,0.0511,2.43e-06,0.087,0.0589,84.98700000000002,235477.0,4.0,73.0,2016.0,0,1,0,2,2,6,3,5
200.0,18827.0,0.7040000000000001,0.777,-5.729,0.195,0.0358,0.0,0.151,0.392,111.921,141542.0,4.0,66.0,2016.0,0,1,0,2,2,6,3,5
136.0,236206.0,0.659,0.614,-7.32,0.0541,0.000404,0.0,0.12300000000000001,0.26,119.405,143969.0,4.0,74.0,2017.0,0,1,2,4,0,5,2,6
105.0,35919.0,0.579,0.8490000000000001,-5.218,0.0303,0.10800000000000001,0.0,0.0909,0.581,100.021,196907.0,4.0,57.0,2003.0,0,1,2,4,1,4,4,4
182.0,18846.0,0.532,0.616,-13.753,0.0303,0.209,0.747,0.172,0.728,108.807,229973.0,4.0,19.0,1974.0,0,2,3,0,5,2,1,7
191.0,19084.0,0.747,0.669,-12.648,0.0372,0.46399999999999997,0.0111,0.0843,0.8220000000000001,125.762,216200.0,4.0,19.0,1974.0,0,2,3,3,3,1,0,0
200.0,19217.0,0.611,0.46799999999999997,-11.084000000000001,0.179,0.0781,0.0,0.10099999999999999,0.349,92.09200000000001,245227.0,4.0,57.0,2016.0,0,1,0,2,2,6,3,5
170.0,166284.0,0.645,0.912,-5.454,0.0852,0.0135,0.0,0.297,0.695,125.309,207667.0,4.0,28.0,1975.0,0,2,3,3,3,1,0,0
197.0,17734.0,0.7659999999999999,0.442,-8.558,0.35600000000000004,0.00010700000000000001,6.12e-05,0.111,0.39,201.8,181573.0,4.0,72.0,2011.0,0,1,0,2,2,6,3,5
199.0,19259.0,0.903,0.439,-11.812999999999999,0.397,0.0407,0.0,0.138,0.532,139.112,307593.0,4.0,61.0,2017.0,0,1,0,2,2,6,3,5
197.0,28504.0,0.588,0.7020000000000001,-4.271,0.0496,0.10400000000000001,0.0,0.08900000000000001,0.429,124.90899999999999,203686.0,4.0,17.0,2017.0,0,2,3,3,3,1,0,2
125.0,43357.0,0.674,0.6940000000000001,-7.0760000000000005,0.109,0.313,7.17e-06,0.0752,0.203,101.993,199179.0,4.0,64.0,2016.0,0,1,0,2,2,6,3,5
186.0,20665.0,0.254,0.884,-8.945,0.0728,0.000176,0.7509999999999999,0.75,0.402,128.906,381173.0,4.0,31.0,1984.0,0,2,3,0,5,2,1,7
8.0,111633.0,0.698,0.633,-4.9460000000000015,0.0597,0.0605,0.000194,0.0926,0.552,96.92399999999999,232187.0,4.0,80.0,2018.0,0,1,2,4,0,3,6,3
136.0,55376.0,0.866,0.8109999999999999,-4.063,0.0553,0.375,0.0,0.078,0.9690000000000001,121.995,199440.0,4.0,12.0,2020.0,0,2,3,3,3,1,0,0
187.0,19223.0,0.758,0.838,-2.713,0.122,0.0992,0.0,0.28800000000000003,0.711,120.029,199693.0,4.0,36.0,2018.0,0,2,3,3,1,4,4,4
184.0,21802.0,0.647,0.8,-5.3839999999999995,0.165,0.0647,0.0,0.33399999999999996,0.9420000000000001,160.078,219200.0,4.0,61.0,2014.0,0,1,0,2,1,4,4,4
199.0,161577.0,0.8009999999999999,0.589,-5.157,0.0485,0.0863,0.0,0.162,0.58,116.934,180147.0,5.0,73.0,2019.0,0,1,2,2,2,5,2,6
194.0,28170.0,0.768,0.79,-5.091,0.191,0.0754,1.79e-06,0.13,0.39799999999999996,84.95,180706.0,5.0,59.0,2017.0,0,1,0,2,2,6,3,5
162.0,25330.0,0.648,0.561,-7.874,0.0532,0.541,0.0,0.157,0.512,172.06400000000005,204320.0,4.0,48.0,2012.0,1,0,1,1,4,0,7,1
179.0,194222.0,0.5870000000000001,0.711,-6.33,0.42,0.171,0.0,0.125,0.381,98.008,254694.0,4.0,72.0,2017.0,0,1,2,2,2,5,2,6
195.0,129911.0,0.746,0.475,-11.243,0.113,0.0175,1.1e-05,0.19699999999999998,0.292,80.006,241400.0,4.0,64.0,2016.0,0,1,0,2,2,5,2,6
199.0,37114.0,0.311,0.20600000000000002,-13.651,0.0308,0.9129999999999999,0.00551,0.191,0.0952,77.87100000000002,189133.0,4.0,25.0,1986.0,1,0,1,1,4,0,7,1
76.0,40040.0,0.633,0.5329999999999999,-9.462,0.024,0.40700000000000003,0.000317,0.149,0.221,98.959,249640.0,4.0,30.0,1993.0,1,0,2,4,0,3,6,3
199.0,16277.0,0.642,0.289,-9.918,0.0367,0.669,0.0,0.18,0.40700000000000003,84.99600000000002,258373.0,4.0,65.0,2011.0,1,0,1,1,4,0,7,1
194.0,16730.0,0.594,0.946,-3.408,0.126,0.0018100000000000002,1.04e-06,0.9229999999999999,0.665,110.024,231860.0,3.0,70.0,2017.0,0,1,0,2,1,4,5,4
155.0,25919.0,0.785,0.575,-5.627999999999999,0.133,0.105,0.0,0.129,0.272,81.529,222360.0,4.0,3.0,2021.0,0,2,3,3,3,1,0,2
197.0,19396.0,0.684,0.53,-5.297999999999999,0.28600000000000003,0.0035299999999999997,0.0,0.573,0.55,157.017,150410.0,4.0,61.0,2017.0,0,1,0,2,1,4,4,4
200.0,34801.0,0.669,0.8320000000000001,-5.72,0.0682,0.0106,0.0,0.0968,0.7,113.035,237547.0,4.0,72.0,2016.0,0,1,0,2,1,4,4,4
17.0,203156.0,0.762,0.7,-6.021,0.0694,0.0026100000000000003,1.56e-05,0.153,0.608,116.073,209320.0,4.0,80.0,2017.0,0,1,2,4,0,3,6,3
181.0,22191.0,0.77,0.636,-6.724,0.131,0.16899999999999998,0.0,0.0676,0.4920000000000001,105.93,215760.0,4.0,74.0,2019.0,0,1,0,2,2,6,3,5
60.0,48300.0,0.782,0.436,-7.0329999999999995,0.155,0.331,1.3000000000000001e-05,0.342,0.243,82.994,268933.0,4.0,71.0,2017.0,0,1,2,4,0,3,6,3
199.0,21402.0,0.611,0.478,-5.8389999999999995,0.107,0.035,0.0,0.107,0.138,172.076,258158.0,4.0,62.0,2017.0,0,1,0,2,2,6,3,5
132.0,55746.0,0.7979999999999999,0.539,-6.351,0.0421,0.19899999999999998,1.66e-05,0.165,0.39399999999999996,136.94899999999998,202547.0,4.0,80.0,2017.0,0,1,2,2,2,6,3,5
107.0,63948.0,0.389,0.612,-6.392,0.0355,0.0015400000000000001,1.0300000000000001e-05,0.11599999999999999,0.16,138.351,310600.0,4.0,53.0,2007.0,0,1,2,2,2,6,5,8
175.0,23274.0,0.265,0.8270000000000001,-4.6610000000000005,0.10400000000000001,0.0434,0.0,0.11699999999999999,0.131,82.03200000000002,224053.0,4.0,72.0,2017.0,0,1,0,2,2,6,5,8
196.0,16690.0,0.713,0.462,-10.027000000000001,0.12300000000000001,0.192,2.16e-06,0.105,0.0594,133.053,212947.0,4.0,63.0,2016.0,0,1,0,2,2,6,3,5
193.0,32080.0,0.732,0.396,-9.347999999999999,0.0286,0.0841,3.5799999999999996e-05,0.105,0.5479999999999999,90.024,195920.0,4.0,81.0,2016.0,0,1,0,2,2,6,3,5
96.0,70363.0,0.557,0.8009999999999999,-3.602,0.218,0.0125,1.66e-06,0.737,0.654,92.135,213507.0,4.0,71.0,2017.0,0,1,2,4,1,4,6,3
193.0,39355.0,0.606,0.718,-4.093999999999999,0.0978,0.032,0.0,0.402,0.551,101.821,213307.0,4.0,68.0,2016.0,0,1,0,2,1,4,4,4
199.0,21328.0,0.6729999999999999,0.613,-11.997,0.0799,0.00436,0.36200000000000004,0.608,0.415,114.74799999999999,337267.0,4.0,49.0,1996.0,0,1,0,2,1,4,5,4
172.0,20668.0,0.746,0.486,-7.004,0.0344,0.222,1.38e-06,0.12300000000000001,0.41700000000000004,92.01799999999999,233228.0,3.0,10.0,2020.0,0,2,3,3,3,1,0,2
193.0,167052.0,0.708,0.612,-6.379,0.122,0.0381,0.0,0.27699999999999997,0.263,139.91299999999998,229013.0,4.0,61.0,2017.0,0,1,0,2,2,5,2,6
167.0,44187.0,0.5539999999999999,0.978,-3.554,0.131,0.111,0.0,0.0731,0.594,135.095,162600.0,4.0,55.0,2003.0,0,1,0,2,1,4,5,8
199.0,18946.0,0.406,0.932,-3.386,0.0936,6.13e-05,0.0,0.053,0.29,130.084,196293.0,4.0,52.0,2007.0,0,1,0,2,2,4,5,8
190.0,157897.0,0.7240000000000001,0.573,-4.113,0.0549,0.11800000000000001,0.0,0.5379999999999999,0.43799999999999994,113.088,135920.0,4.0,76.0,2016.0,0,1,2,2,2,5,2,6
168.0,174238.0,0.6659999999999999,0.871,-5.7810000000000015,0.41600000000000004,0.435,0.0,0.47700000000000004,0.237,89.20700000000002,579293.0,4.0,57.0,2001.0,0,1,2,2,2,5,2,6
193.0,18157.0,0.7829999999999999,0.467,-9.474,0.0503,0.7290000000000001,0.809,0.109,0.23600000000000002,90.838,237793.0,4.0,74.0,2015.0,1,0,1,0,5,2,1,7
173.0,44648.0,0.499,0.937,-6.278,0.068,0.000384,0.0262,0.664,0.53,131.954,198880.0,3.0,27.0,2020.0,0,2,3,3,1,4,5,8
189.0,19654.0,0.652,0.795,-5.192,0.174,0.156,0.0,0.12300000000000001,0.7879999999999999,135.018,304607.0,4.0,70.0,2016.0,0,1,0,2,1,4,4,4
166.0,22862.0,0.575,0.985,-1.038,0.0743,0.0399,0.0,0.166,0.47600000000000003,116.01100000000001,177960.0,4.0,53.0,2013.0,0,1,0,2,1,4,5,8
199.0,16280.0,0.652,0.698,-4.667,0.042,0.00112,0.00011499999999999999,0.0886,0.47,96.021,202067.0,4.0,72.0,2009.0,0,1,0,2,2,6,3,5
132.0,49462.0,0.833,0.545,-4.004,0.462,0.35200000000000004,0.0,0.0915,0.541,77.035,148494.0,4.0,66.0,2017.0,0,1,2,4,0,3,4,4
185.0,170557.0,0.529,0.7,-4.669,0.0315,0.149,0.0,0.32,0.807,131.092,210573.0,4.0,20.0,1980.0,0,2,3,3,3,1,0,0
120.0,29516.0,0.723,0.732,-5.513999999999999,0.0864,0.11,0.0,0.484,0.503,104.991,199747.0,4.0,72.0,2017.0,0,1,2,2,1,4,6,4
181.0,169950.0,0.6459999999999999,0.794,-6.104,0.19,0.0885,6.16e-06,0.201,0.287,170.21599999999995,211933.0,4.0,53.0,2014.0,0,1,2,2,2,5,2,6
199.0,18042.0,0.529,0.6409999999999999,-3.467,0.0386,0.987,0.0161,0.359,0.809,107.595,182600.0,4.0,0.0,1940.0,1,0,1,1,4,0,7,1
200.0,20732.0,0.7290000000000001,0.753,-7.7620000000000005,0.064,0.0672,0.0145,0.0668,0.46799999999999997,118.874,256333.0,4.0,37.0,1992.0,0,2,3,3,3,1,4,2
197.0,18791.0,0.6709999999999999,0.314,-8.091000000000001,0.244,0.11,0.0,0.0825,0.29600000000000004,110.898,191600.0,4.0,79.0,2016.0,0,1,0,2,2,6,3,5
188.0,19331.0,0.7020000000000001,0.762,-2.733,0.0328,0.00196,0.00045099999999999996,0.142,0.233,95.01899999999999,164200.0,4.0,62.0,2017.0,0,1,0,2,2,6,3,5
194.0,180796.0,0.743,0.732,-4.511,0.10400000000000001,0.0509,1.77e-05,0.22699999999999998,0.33899999999999997,123.994,203373.0,4.0,79.0,2017.0,0,1,2,2,2,5,2,6
196.0,35251.0,0.79,0.496,-13.679,0.0411,0.071,0.897,0.132,0.35600000000000004,112.00299999999999,534913.0,4.0,3.0,2020.0,0,2,3,0,5,2,1,7
182.0,22325.0,0.9009999999999999,0.934,-2.345,0.273,0.007940000000000001,7.68e-05,0.19399999999999998,0.868,150.037,156800.0,4.0,72.0,2017.0,0,1,0,2,1,4,4,4
123.0,58791.0,0.617,0.635,-6.769,0.0317,0.0498,1.4400000000000001e-05,0.16399999999999998,0.446,103.01899999999999,247160.0,4.0,82.0,2017.0,0,1,2,2,0,3,6,3
178.0,20455.0,0.8109999999999999,0.764,-8.834,0.0495,0.247,2.36e-05,0.138,0.677,123.58,306360.0,4.0,28.0,1984.0,0,2,3,3,3,1,0,0
193.0,17766.0,0.61,0.7879999999999999,-5.724,0.0585,0.195,0.0142,0.153,0.47200000000000003,101.045,347520.0,4.0,74.0,2016.0,0,1,0,2,2,6,4,4
184.0,18956.0,0.258,0.659,-5.903,0.0596,0.253,0.0,0.111,0.272,189.558,250267.0,4.0,61.0,2015.0,0,1,0,2,2,6,5,8
200.0,18879.0,0.34299999999999997,0.171,-18.236,0.0449,0.8240000000000001,0.0158,0.105,0.127,68.145,100373.0,4.0,11.0,1960.0,1,0,1,1,4,0,7,1
199.0,37659.0,0.57,0.5720000000000001,-10.218,0.102,0.0206,0.0448,0.12,0.285,114.88799999999999,215118.0,4.0,0.0,2020.0,0,2,3,3,3,1,0,2
136.0,24611.0,0.763,0.7859999999999999,-6.472,0.22899999999999998,0.0146,0.0114,0.0817,0.504,93.85700000000001,325507.0,4.0,74.0,1995.0,0,1,0,2,1,6,4,4
128.0,23977.0,0.44799999999999995,0.784,-3.6860000000000004,0.0627,0.106,0.00010800000000000001,0.6679999999999999,0.23600000000000002,136.245,186813.0,4.0,60.0,2012.0,0,1,0,2,1,4,5,8
193.0,169671.0,0.705,0.45299999999999996,-8.174,0.196,0.257,0.0,0.14300000000000002,0.28300000000000003,124.94200000000001,226494.0,4.0,61.0,2016.0,0,1,2,2,2,5,2,6
197.0,33981.0,0.509,0.637,-4.83,0.0471,0.0717,1.0800000000000003e-05,0.0789,0.37799999999999995,172.00599999999997,224000.0,3.0,80.0,2016.0,0,1,0,2,2,6,3,5
194.0,192117.0,0.6579999999999999,0.736,-6.097,0.308,0.113,0.0,0.0978,0.804,143.966,160000.0,4.0,64.0,2017.0,0,1,2,2,1,5,2,6
190.0,34706.0,0.705,0.769,-5.526,0.0425,0.113,0.0,0.105,0.583,107.949,213520.0,4.0,78.0,2015.0,0,1,0,2,1,4,4,4
133.0,214596.0,0.8009999999999999,0.9079999999999999,-6.553999999999999,0.221,0.00253,0.000655,0.0698,0.805,87.279,278387.0,4.0,78.0,1996.0,0,1,2,4,0,5,2,6
94.0,34757.0,0.747,0.524,-6.807,0.245,0.0306,0.0,0.2,0.363,140.053,213132.0,4.0,76.0,2017.0,0,1,2,4,0,3,6,3
186.0,17668.0,0.418,0.7979999999999999,-5.421,0.0413,0.381,0.0,0.0918,0.151,100.10700000000001,214707.0,4.0,45.0,2003.0,0,1,0,2,2,6,5,8
159.0,25725.0,0.804,0.66,-4.86,0.0726,0.0319,0.0,0.10300000000000001,0.257,94.053,169345.0,4.0,71.0,2017.0,0,1,0,2,2,6,3,5
153.0,43907.0,0.902,0.552,-10.857999999999999,0.23399999999999999,0.022000000000000002,0.0005679999999999999,0.105,0.6970000000000001,90.88,210533.0,4.0,35.0,1994.0,0,2,3,3,1,1,4,4
129.0,57633.0,0.7809999999999999,0.445,-6.061,0.0295,0.474,0.0,0.184,0.591,78.998,281560.0,4.0,83.0,2014.0,0,1,2,4,0,3,6,3
199.0,36163.0,0.5760000000000001,0.7659999999999999,-4.9430000000000005,0.449,0.0278,1.71e-06,0.366,0.23600000000000002,144.836,246761.0,4.0,39.0,2020.0,0,1,0,2,2,6,5,8
192.0,22538.0,0.522,0.833,-3.715,0.0575,0.0454,0.0,0.127,0.29600000000000004,180.00900000000001,193569.0,4.0,60.0,2017.0,0,1,0,2,2,6,5,8
128.0,21142.0,0.618,0.7170000000000001,-5.7379999999999995,0.318,0.00256,0.0,0.625,0.603,190.05,196693.0,4.0,76.0,2015.0,0,1,0,2,1,4,4,4
197.0,22216.0,0.7340000000000001,0.57,-7.066,0.133,0.847,2.14e-05,0.11199999999999999,0.6890000000000001,129.953,95467.0,4.0,85.0,2017.0,1,0,1,1,4,0,7,1
199.0,14087.0,0.7070000000000001,0.8420000000000001,-11.831,0.0405,0.0613,6.72e-06,0.0297,0.4920000000000001,120.012,200000.0,4.0,59.0,1992.0,0,1,0,2,1,4,4,4
179.0,22982.0,0.72,0.6579999999999999,-7.414,0.0446,0.0329,0.0302,0.12300000000000001,0.134,98.001,171898.0,4.0,66.0,2019.0,0,1,0,2,2,6,3,5
92.0,34985.0,0.884,0.698,-9.101,0.364,0.0405,0.0,0.195,0.575,140.06799999999998,191938.0,4.0,66.0,2018.0,0,1,2,4,0,3,6,3
199.0,20510.0,0.7959999999999999,0.5,-7.21,0.425,0.11800000000000001,0.0,0.155,0.22699999999999998,75.012,255560.0,4.0,68.0,2017.0,0,1,0,2,2,6,3,5
157.0,193995.0,0.69,0.42,-11.068,0.0304,0.9079999999999999,0.14800000000000002,0.0945,0.688,124.93299999999999,114739.0,4.0,0.0,2018.0,1,0,1,1,4,0,7,1
158.0,22857.0,0.6759999999999999,0.536,-8.79,0.0432,0.40299999999999997,3.37e-05,0.105,0.373,79.03699999999998,172672.0,4.0,71.0,2019.0,0,1,0,2,2,6,3,5
185.0,19478.0,0.691,0.41,-7.135,0.245,0.353,0.0,0.131,0.0904,84.632,174520.0,4.0,55.0,2021.0,1,1,0,2,2,6,3,5
181.0,44644.0,0.46799999999999997,0.627,-5.085,0.0476,0.0281,7.97e-06,0.11,0.159,179.642,212107.0,4.0,79.0,2018.0,0,1,0,2,2,6,3,5
194.0,17623.0,0.475,0.4320000000000001,-7.8439999999999985,0.0302,0.183,0.0,0.161,0.648,94.605,153467.0,4.0,44.0,2001.0,0,2,0,2,1,4,4,4
195.0,37822.0,0.516,0.271,-12.138,0.0267,0.8640000000000001,0.037000000000000005,0.171,0.207,102.035,273893.0,4.0,46.0,1995.0,1,0,1,1,4,0,7,1
193.0,26438.0,0.889,0.39799999999999996,-7.183,0.204,0.19,0.0,0.10400000000000001,0.159,129.993,295997.0,4.0,61.0,2017.0,0,1,0,2,2,6,3,5
193.0,43082.0,0.72,0.763,-4.0680000000000005,0.0523,0.406,0.0,0.18,0.742,101.965,251088.0,4.0,76.0,2016.0,0,1,0,2,1,4,4,4
158.0,41423.0,0.41100000000000003,0.523,-11.786,0.24100000000000002,0.782,9.08e-06,0.293,0.205,144.738,220727.0,4.0,65.0,2016.0,1,0,1,1,4,0,7,1
160.0,188425.0,0.6920000000000001,0.684,-7.364,0.155,0.131,0.0,0.156,0.406,112.912,231253.0,4.0,78.0,2017.0,0,1,2,2,2,5,2,6
194.0,26059.0,0.9159999999999999,0.727,-6.556,0.0861,0.00214,0.000145,0.11800000000000001,0.201,94.99700000000001,219707.0,4.0,63.0,2017.0,0,1,0,2,2,6,3,5
188.0,18080.0,0.818,0.418,-9.336,0.2,0.0321,1.56e-05,0.0736,0.609,148.588,216280.0,3.0,44.0,1978.0,0,1,0,2,1,6,4,4
153.0,37343.0,0.753,0.7559999999999999,-4.662,0.063,0.0302,3.76e-06,0.0754,0.679,145.94799999999995,167160.0,4.0,64.0,2021.0,0,1,0,2,1,4,4,4
116.0,27952.0,0.6920000000000001,0.575,-12.067,0.055,0.0413,6.42e-05,0.0524,0.904,102.055,279640.0,4.0,20.0,1978.0,0,2,3,3,3,1,0,0
176.0,182666.0,0.256,0.35200000000000004,-10.334000000000001,0.0322,0.889,0.00022999999999999998,0.13699999999999998,0.18100000000000002,203.53400000000002,245667.0,4.0,33.0,1994.0,1,0,1,1,4,0,7,1
61.0,87339.0,0.748,0.7490000000000001,-5.916,0.516,0.142,0.0,0.0713,0.659,90.09,221013.0,4.0,74.0,2017.0,0,1,2,4,0,3,6,3
200.0,38103.0,0.579,0.6970000000000001,-7.4289999999999985,0.0394,0.0142,1.6e-06,0.157,0.49,129.967,204213.0,4.0,57.0,2014.0,0,1,0,2,1,4,5,8
200.0,19176.0,0.8059999999999999,0.608,-7.007999999999999,0.0659,0.0113,0.0,0.635,0.8490000000000001,95.04899999999999,219840.0,4.0,51.0,2013.0,0,2,0,2,1,4,4,4
189.0,17817.0,0.4920000000000001,0.275,-13.4,0.3,0.687,0.0,0.10099999999999999,0.18,92.6,251034.0,4.0,80.0,2016.0,1,0,1,1,4,0,7,1
54.0,52416.0,0.836,0.544,-5.975,0.0943,0.0403,0.0,0.0824,0.51,97.02799999999999,217947.0,4.0,79.0,2017.0,0,1,2,4,0,3,6,3
200.0,189328.0,0.8909999999999999,0.52,-8.715,0.298,0.42100000000000004,0.0,0.355,0.547,111.02799999999999,124830.0,4.0,0.0,2021.0,0,2,3,3,3,1,0,2
155.0,198402.0,0.532,0.5820000000000001,-6.652,0.0436,0.00237,0.00299,0.126,0.163,161.703,232267.0,4.0,56.0,2021.0,0,1,2,2,2,5,2,6
193.0,21304.0,0.23199999999999998,0.955,-8.308,0.0447,0.0034100000000000003,0.951,0.122,0.8290000000000001,186.946,152040.0,4.0,41.0,1995.0,0,2,3,0,5,2,1,7
190.0,18370.0,0.898,0.28300000000000003,-12.335,0.35600000000000004,0.319,0.000383,0.11,0.469,138.97,216520.0,4.0,72.0,2016.0,0,1,0,2,2,6,3,5
188.0,33661.0,0.6990000000000001,0.804,-4.898,0.14400000000000002,0.0631,0.0,0.414,0.491,140.012,223197.0,4.0,54.0,2014.0,0,1,0,2,1,4,5,4
200.0,22605.0,0.892,0.763,-6.797999999999999,0.161,0.127,0.0,0.0745,0.9640000000000001,90.001,228000.0,4.0,0.0,2010.0,0,2,3,3,3,1,0,0
183.0,43486.0,0.608,0.5660000000000001,-7.0429999999999975,0.278,0.114,0.0,0.124,0.418,82.986,166589.0,3.0,0.0,2021.0,0,2,3,3,3,1,0,2
115.0,34301.0,0.509,0.629,-6.434,0.0335,0.209,1.99e-06,0.369,0.237,80.012,209307.0,4.0,68.0,2007.0,0,1,0,2,2,6,3,5
197.0,35167.0,0.61,0.23600000000000002,-15.21,0.0383,0.619,0.000147,0.273,0.643,78.425,164920.0,4.0,11.0,1958.0,1,0,1,1,4,0,7,1
119.0,24329.0,0.375,0.21899999999999997,-13.112,0.0288,0.78,0.00141,0.109,0.19699999999999998,143.447,211000.0,4.0,55.0,1997.0,1,0,1,1,4,0,7,1
94.0,288665.0,0.69,0.877,-6.482,0.0463,0.00468,0.0151,0.451,0.9309999999999999,127.01299999999999,191000.0,5.0,0.0,2020.0,0,2,3,3,3,1,0,0
194.0,35494.0,0.525,0.785,-2.407,0.0455,0.0356,0.0,0.10300000000000001,0.47,170.11599999999999,234001.0,4.0,65.0,2018.0,0,1,0,2,1,4,5,8
199.0,17422.0,0.863,0.5760000000000001,-5.687,0.239,0.124,0.0,0.14300000000000002,0.8320000000000001,132.054,236293.0,4.0,64.0,2016.0,0,1,0,2,1,4,4,4
186.0,38775.0,0.855,0.6809999999999999,-4.955,0.0688,0.0881,3.7000000000000006e-06,0.0592,0.9079999999999999,99.699,223293.0,4.0,47.0,2002.0,0,2,3,3,1,4,4,4
200.0,36985.0,0.6970000000000001,0.506,-4.863,0.0325,0.0792,0.0,0.0893,0.516,100.00200000000001,211364.0,4.0,67.0,2017.0,0,1,0,2,2,6,3,5
153.0,25544.0,0.795,0.568,-7.817,0.142,0.0541,0.0,0.10800000000000001,0.478,136.173,198944.0,4.0,74.0,2016.0,0,1,0,2,2,6,3,5
38.0,142420.0,0.48700000000000004,0.52,-8.418,0.0302,0.0171,0.0,0.0778,0.45899999999999996,156.266,278933.0,3.0,0.0,2010.0,0,2,3,3,3,1,0,0
152.0,20339.0,0.73,0.769,-5.114,0.0298,0.138,0.0,0.0473,0.507,104.948,228093.0,4.0,74.0,2011.0,0,1,0,2,1,6,4,4
136.0,206749.0,0.457,0.759,-5.8389999999999995,0.0741,0.0019399999999999999,0.00366,0.168,0.5589999999999999,119.306,240413.0,5.0,0.0,2004.0,0,2,3,3,3,1,0,0
187.0,16674.0,0.596,0.851,-4.245,0.121,0.0358,3.19e-05,0.365,0.612,202.049,204013.0,4.0,71.0,2016.0,0,1,0,2,1,4,5,8
200.0,37543.0,0.852,0.5579999999999999,-8.663,0.124,0.0421,1.53e-05,0.113,0.42,119.973,262061.0,4.0,0.0,2012.0,0,2,3,3,3,1,0,2
191.0,170175.0,0.716,0.883,-5.34,0.0691,0.047,0.337,0.28600000000000003,0.71,125.014,384707.0,4.0,0.0,1996.0,0,2,3,3,3,1,0,0
198.0,21393.0,0.523,0.721,-6.9,0.0284,0.00949,0.00821,0.244,0.909,135.384,245453.0,4.0,31.0,1972.0,0,2,3,3,3,4,0,0
177.0,19819.0,0.604,0.39399999999999996,-11.852,0.0276,0.622,2.92e-06,0.31,0.268,103.75299999999999,259867.0,4.0,40.0,1997.0,1,0,1,1,4,0,7,1
189.0,23787.0,0.845,0.39899999999999997,-7.508999999999999,0.309,0.00525,0.74,0.102,0.14800000000000002,143.049,257600.0,4.0,65.0,2017.0,0,1,0,0,5,2,1,7
197.0,19405.0,0.852,0.5529999999999999,-7.2860000000000005,0.187,0.0559,0.0,0.332,0.6559999999999999,142.079,205879.0,4.0,73.0,2015.0,0,1,0,2,1,4,4,4
182.0,43253.0,0.664,0.667,-5.941,0.154,0.64,1.22e-06,0.0753,0.381,180.06400000000005,227533.0,4.0,76.0,2018.0,1,0,1,1,4,0,7,1
159.0,41174.0,0.742,0.713,-5.522,0.0303,0.0205,0.0,0.059000000000000004,0.879,120.03200000000001,189960.0,4.0,77.0,2014.0,0,1,0,2,1,4,4,4
197.0,33878.0,0.373,0.6859999999999999,-5.52,0.034,0.128,1.96e-06,0.38299999999999995,0.18899999999999997,93.76299999999999,289080.0,4.0,61.0,2012.0,0,1,0,2,2,6,5,8
139.0,54471.0,0.691,0.662,-10.045,0.053,0.40399999999999997,0.00509,0.465,0.9470000000000001,157.36700000000005,204533.0,4.0,51.0,2006.0,0,2,2,4,1,4,4,4
130.0,201813.0,0.747,0.716,-2.457,0.0751,0.135,0.0,0.251,0.7509999999999999,125.006,210627.0,4.0,63.0,2012.0,0,1,2,4,0,5,2,6
200.0,40078.0,0.835,0.841,-6.097,0.0543,0.00412,0.0404,0.0397,0.9079999999999999,121.994,365907.0,4.0,0.0,2016.0,0,2,3,3,3,1,0,0
197.0,30031.0,0.794,0.653,-7.838999999999999,0.10400000000000001,0.0489,4.88e-05,0.1,0.397,117.99600000000001,263373.0,4.0,71.0,2016.0,0,1,0,2,2,6,3,5
172.0,39383.0,0.736,0.491,-6.892,0.439,0.0681,0.0,0.5710000000000001,0.203,141.97899999999996,218674.0,4.0,63.0,2017.0,0,1,0,2,2,6,3,5
40.0,61784.0,0.821,0.434,-9.193999999999999,0.11800000000000001,0.434,0.0,0.128,0.24100000000000002,120.012,187173.0,4.0,74.0,2018.0,0,1,2,4,0,3,6,3
200.0,19637.0,0.73,0.862,-5.876,0.0313,0.0398,0.0,0.0818,0.77,104.01799999999999,200560.0,4.0,52.0,2005.0,0,2,0,3,1,4,4,4
199.0,18731.0,0.39799999999999996,0.316,-7.0310000000000015,0.0368,0.805,0.0,0.295,0.174,118.58200000000001,253342.0,4.0,75.0,2015.0,1,0,1,1,4,0,7,1
137.0,55153.0,0.8590000000000001,0.599,-5.254,0.0614,0.000362,8.2e-06,0.13,0.319,140.005,252520.0,4.0,69.0,2013.0,0,1,0,2,2,6,3,5
167.0,47440.0,0.392,0.402,-9.961,0.0536,0.28800000000000003,0.0,0.243,0.228,143.88299999999995,354320.0,4.0,50.0,2011.0,0,1,0,2,2,6,3,5
200.0,38890.0,0.32299999999999995,0.951,-5.843999999999999,0.0442,5.7499999999999995e-05,1.78e-06,0.233,0.772,139.54,106400.0,4.0,49.0,1994.0,0,2,3,3,1,4,5,8
195.0,35518.0,0.6990000000000001,0.62,-8.061,0.0271,0.34299999999999997,2.36e-06,0.11,0.51,111.946,231013.0,4.0,33.0,1999.0,0,2,3,3,3,1,0,2
182.0,37772.0,0.794,0.632,-6.162999999999999,0.0649,0.142,0.0,0.128,0.355,145.92600000000004,291893.0,4.0,75.0,2016.0,0,1,0,2,2,6,3,5
53.0,104922.0,0.258,0.4370000000000001,-6.593,0.039,0.10099999999999999,1.27e-06,0.106,0.0967,180.043,239000.0,4.0,81.0,2017.0,0,1,2,4,0,3,6,3
191.0,17310.0,0.8079999999999999,0.647,-6.947,0.166,0.0716,0.000466,0.205,0.29,110.036,266000.0,4.0,63.0,2017.0,0,1,0,2,2,6,3,5
133.0,241096.0,0.691,0.6829999999999999,-7.335,0.0954,0.547,0.0,0.221,0.456,140.002,262544.0,4.0,72.0,2017.0,0,1,2,4,0,5,2,6
191.0,20986.0,0.867,0.6629999999999999,-5.837999999999999,0.17800000000000002,0.44299999999999995,0.0,0.11699999999999999,0.48100000000000004,121.978,219733.0,4.0,66.0,2018.0,0,1,0,2,2,6,3,5
160.0,21602.0,0.64,0.8190000000000001,-4.1080000000000005,0.455,0.5329999999999999,0.0,0.156,0.623,166.012,234526.0,4.0,58.0,2016.0,0,1,0,2,1,4,4,4
200.0,42226.0,0.8009999999999999,0.795,-5.115,0.0504,0.0417,0.000113,0.0717,0.754,79.028,163253.0,4.0,78.0,2017.0,0,1,0,2,1,4,4,4
161.0,25388.0,0.865,0.687,-3.7439999999999998,0.217,0.242,0.0,0.158,0.486,139.023,242407.0,4.0,68.0,2017.0,0,1,0,2,2,6,3,4
185.0,187676.0,0.741,0.5529999999999999,-10.537,0.0929,0.0004,0.907,0.0914,0.508,89.99700000000001,204520.0,4.0,0.0,2016.0,0,2,3,0,5,2,1,7
195.0,18119.0,0.68,0.5489999999999999,-8.277000000000001,0.244,0.0919,7.140000000000001e-05,0.5479999999999999,0.29,162.874,265373.0,4.0,61.0,2017.0,0,1,0,2,2,6,3,5
159.0,29617.0,0.513,0.966,-2.807,0.55,0.27,0.0,0.376,0.703,84.70299999999997,254907.0,4.0,45.0,2003.0,0,1,0,2,1,4,4,4
170.0,19416.0,0.461,0.293,-9.52,0.0555,0.9470000000000001,9.95e-06,0.0936,0.531,180.297,257775.0,4.0,65.0,2016.0,1,0,1,1,4,0,7,1
194.0,40722.0,0.535,0.382,-9.465,0.0426,0.282,1.1400000000000001e-05,0.0865,0.147,87.801,221596.0,3.0,60.0,2017.0,1,1,0,2,2,6,3,5
146.0,28086.0,0.73,0.8590000000000001,-5.17,0.0372,0.44799999999999995,0.00020099999999999998,0.133,0.96,93.617,176800.0,4.0,28.0,1971.0,0,2,3,3,3,1,0,0
178.0,21904.0,0.379,0.29,-8.485,0.051,0.9520000000000001,0.00106,0.11800000000000001,0.16899999999999998,166.467,201080.0,4.0,75.0,2011.0,1,0,1,1,4,0,7,1
198.0,36846.0,0.653,0.6579999999999999,-6.428,0.0304,0.0215,1.66e-06,0.0939,0.21899999999999997,99.99,221507.0,4.0,70.0,2017.0,0,1,0,2,2,6,3,5
196.0,164162.0,0.758,0.6459999999999999,-4.7010000000000005,0.11199999999999999,0.128,0.0,0.0778,0.589,155.955,197171.0,4.0,64.0,2017.0,0,1,2,2,1,5,2,6
186.0,20504.0,0.57,0.0279,-22.281999999999996,0.0588,0.8590000000000001,0.0892,0.254,0.28,84.902,163840.0,4.0,67.0,2017.0,1,0,1,1,4,0,7,1
200.0,32773.0,0.521,0.46399999999999997,-3.883,0.025,0.65,3.58e-06,0.368,0.263,85.486,190493.0,4.0,41.0,1974.0,1,0,1,1,4,0,7,1
198.0,147332.0,0.705,0.609,-5.728,0.0729,0.6940000000000001,0.0,0.23399999999999999,0.718,140.058,199993.0,4.0,74.0,2016.0,1,0,1,1,4,5,2,6
174.0,173816.0,0.531,0.521,-13.379000000000001,0.162,0.00634,5.47e-05,0.141,0.6859999999999999,180.30599999999998,138400.0,4.0,24.0,1986.0,0,2,3,3,3,1,0,0
178.0,18781.0,0.6459999999999999,0.557,-7.172999999999999,0.127,0.36200000000000004,0.000264,0.0909,0.40299999999999997,151.98,236733.0,4.0,50.0,2011.0,0,1,0,2,2,6,3,5
63.0,44596.0,0.745,0.6459999999999999,-6.987,0.17,0.157,0.0,0.33799999999999997,0.46,79.993,203908.0,4.0,72.0,2017.0,0,1,2,4,0,3,6,3
176.0,41842.0,0.76,0.703,-5.412000000000001,0.054000000000000006,0.10300000000000001,0.0,0.0913,0.57,95.99700000000001,231827.0,4.0,57.0,2014.0,0,1,0,2,1,4,4,4
198.0,17121.0,0.8170000000000001,0.5870000000000001,-6.5020000000000024,0.10800000000000001,0.052000000000000005,0.00165,0.185,0.35200000000000004,140.062,209143.0,4.0,62.0,2017.0,0,1,0,2,2,6,3,5
158.0,49752.0,0.691,0.48700000000000004,-6.416,0.268,0.0299,0.0,0.0868,0.358,104.98,218954.0,3.0,63.0,2018.0,0,1,0,2,2,6,3,5
